"","sampleID","group","condition","hepatotoxic","STARK_PREFRONTAL_CORTEX_22Q11_DELETION_DN","PEREZ_TP53_TARGETS","GOBERT_OLIGODENDROCYTE_DIFFERENTIATION_DN","WP_EGFEGFR_SIGNALING_PATHWAY","REACTOME_RHO_GTPASE_CYCLE","WP_FOCAL_ADHESION","YAO_TEMPORAL_RESPONSE_TO_PROGESTERONE_CLUSTER_13","STARK_PREFRONTAL_CORTEX_22Q11_DELETION_UP","MARTENS_TRETINOIN_RESPONSE_DN","REACTOME_CDC42_GTPASE_CYCLE","KEGG_FOCAL_ADHESION","WP_FOCAL_ADHESION_PI3KAKTMTORSIGNALING_PATHWAY","REACTOME_CDT1_ASSOCIATION_WITH_THE_CDC6_ORC_ORIGIN_COMPLEX","REACTOME_MITOCHONDRIAL_TRANSLATION","REACTOME_CROSS_PRESENTATION_OF_SOLUBLE_EXOGENOUS_ANTIGENS_ENDOSOMES","KIM_WT1_TARGETS_12HR_UP","REACTOME_SCF_SKP2_MEDIATED_DEGRADATION_OF_P27_P21","KEGG_PATHWAYS_IN_CANCER","REACTOME_METABOLISM_OF_POLYAMINES","GRESHOCK_CANCER_COPY_NUMBER_UP","WP_HIPPO_SIGNALING_REGULATION_PATHWAYS","REACTOME_SIGNALING_BY_RECEPTOR_TYROSINE_KINASES","WONG_MITOCHONDRIA_GENE_MODULE","REACTOME_SWITCHING_OF_ORIGINS_TO_A_POST_REPLICATIVE_STATE","STARK_HYPPOCAMPUS_22Q11_DELETION_UP","CERVERA_SDHB_TARGETS_1_UP","SERVITJA_LIVER_HNF1A_TARGETS_DN","SCHLESINGER_METHYLATED_DE_NOVO_IN_CANCER","BLANCO_MELO_COVID19_SARS_COV_2_INFECTION_A594_CELLS_UP","WANG_LSD1_TARGETS_UP","MIKKELSEN_ES_ICP_WITH_H3K4ME3_AND_H3K27ME3","RODWELL_AGING_KIDNEY_NO_BLOOD_UP","CHEOK_RESPONSE_TO_HD_MTX_UP","SMID_BREAST_CANCER_LUMINAL_B_DN","OSADA_ASCL1_TARGETS_DN","UEDA_PERIFERAL_CLOCK","WP_ZINC_HOMEOSTASIS","LI_CISPLATIN_RESISTANCE_DN","HELLER_SILENCED_BY_METHYLATION_UP","NABA_ECM_AFFILIATED","DAVICIONI_PAX_FOXO1_SIGNATURE_IN_ARMS_DN","WALLACE_PROSTATE_CANCER_DN","ICHIBA_GRAFT_VERSUS_HOST_DISEASE_35D_DN","SEMBA_FHIT_TARGETS_DN","SERVITJA_ISLET_HNF1A_TARGETS_UP","LIEN_BREAST_CARCINOMA_METAPLASTIC","SHETH_LIVER_CANCER_VS_TXNIP_LOSS_PAM5","VERRECCHIA_RESPONSE_TO_TGFB1_C1","HERNANDEZ_MITOTIC_ARREST_BY_DOCETAXEL_1_UP","YAMASHITA_METHYLATED_IN_PROSTATE_CANCER","NADLER_OBESITY_UP","BROWN_MYELOID_CELL_DEVELOPMENT_UP","GRAHAM_CML_QUIESCENT_VS_NORMAL_DIVIDING_DN","REACTOME_THE_ROLE_OF_NEF_IN_HIV_1_REPLICATION_AND_DISEASE_PATHOGENESIS","REACTOME_NEUTROPHIL_DEGRANULATION","LEI_MYB_TARGETS","WUNDER_INFLAMMATORY_RESPONSE_AND_CHOLESTEROL_DN","MARTINEZ_RB1_AND_TP53_TARGETS_UP","SANSOM_APC_TARGETS_DN","REACTOME_SIGNALING_BY_INTERLEUKINS","LENAOUR_DENDRITIC_CELL_MATURATION_UP","FERRANDO_TAL1_NEIGHBORS","MARSON_FOXP3_TARGETS_UP","LENAOUR_DENDRITIC_CELL_MATURATION_DN","REN_ALVEOLAR_RHABDOMYOSARCOMA_DN","MA_MYELOID_DIFFERENTIATION_UP","REACTOME_INNATE_IMMUNE_SYSTEM","DEMAGALHAES_AGING_UP","RUTELLA_RESPONSE_TO_HGF_UP","REACTOME_HYALURONAN_UPTAKE_AND_DEGRADATION","GREENBAUM_E2A_TARGETS_DN","QI_PLASMACYTOMA_UP","HOFFMANN_SMALL_PRE_BII_TO_IMMATURE_B_LYMPHOCYTE_UP","REACTOME_MHC_CLASS_II_ANTIGEN_PRESENTATION","LUI_THYROID_CANCER_CLUSTER_4","JIANG_AGING_HYPOTHALAMUS_DN","WAESCH_ANAPHASE_PROMOTING_COMPLEX","WP_CLASSICAL_PATHWAY_OF_STEROIDOGENESIS_WITH_GLUCOCORTICOID_AND_MINERALOCORTICOID_METABOLISM","BIOCARTA_ACETAMINOPHEN_PATHWAY","REACTOME_NR1H2_NR1H3_REGULATE_GENE_EXPRESSION_TO_LIMIT_CHOLESTEROL_UPTAKE","WP_FARNESOID_X_RECEPTOR_PATHWAY","REACTOME_METABOLISM_OF_NITRIC_OXIDE_NOS3_ACTIVATION_AND_REGULATION","WP_CATALYTIC_CYCLE_OF_MAMMALIAN_FLAVINCONTAINING_MONOOXYGENASES_FMOS","REACTOME_GLUTATHIONE_SYNTHESIS_AND_RECYCLING","DACOSTA_LOW_DOSE_UV_RESPONSE_VIA_ERCC3_XPCS_DN","REACTOME_INTESTINAL_ABSORPTION","KEGG_PROXIMAL_TUBULE_BICARBONATE_RECLAMATION","REACTOME_DISEASES_OF_METABOLISM","WAKABAYASHI_ADIPOGENESIS_PPARG_BOUND_36HR","KOHOUTEK_CCNT1_TARGETS","REACTOME_NOSTRIN_MEDIATED_ENOS_TRAFFICKING","WP_DRUG_INDUCTION_OF_BILE_ACID_PATHWAY","WAKABAYASHI_ADIPOGENESIS_PPARG_RXRA_BOUND_36HR","ELVIDGE_HIF1A_TARGETS_DN","NIKOLSKY_BREAST_CANCER_17Q21_Q25_AMPLICON","REACTOME_DIGESTION_AND_ABSORPTION","LOPEZ_MESOTHELIOMA_SURVIVAL_UP","GRAESSMANN_APOPTOSIS_BY_SERUM_DEPRIVATION_DN","MODY_HIPPOCAMPUS_POSTNATAL","CHEN_LVAD_SUPPORT_OF_FAILING_HEART_UP"
"1","X1_o_.bam.txt","Group1","normal","healthy",0.359857,-0.2216345,-0.1848412,-0.2990662,-0.2349349,-0.3218271,0.4862714,-0.3168766,0.2452945,-0.3578732,-0.3415862,-0.2661951,0.4299507,0.4636845,0.4567345,-0.3865092,0.3960077,-0.2682311,0.3595001,-0.1617291,-0.2971508,-0.2271366,0.4055128,0.3847577,-0.4532731,-0.08683061,0.02907749,-0.05488405,0.0453533,-0.1648941,-0.08734176,0.05803785,0.4057501,0.05286129,0.1912371,-0.09494892,-0.2965334,0.2398021,0.1385032,-0.00501784,0.009175609,0.5510591,0.1708974,0.2041237,0.05205444,0.1045307,0.2763772,0.1026876,0.2506318,0.2353223,-0.2862278,0.03861142,-0.1248409,0.01696996,0.0111386,-0.1679428,-0.5519649,-0.006578741,0.0259451,-0.04408992,-0.09188284,-0.04054777,-0.1910935,-0.009345558,-0.1573781,-0.1729387,0.0356606,0.100228,0.02408952,-0.3407261,-0.1036833,0.01082422,0.02426841,-0.15116,-0.5014406,-0.2244358,0.2279343,-0.3255291,-0.1768028,-0.2381615,0.01248034,-0.4049952,-0.5921824,-0.33212,-0.5226846,-0.0175279,-0.1324181,-0.0528711,0.1021643,-0.1187975,-0.641645,0.3032896,0.0391837,-0.2734316,-0.03392718,-0.01753225,-0.248454,-0.173353,-0.2070403,-0.2609437
"2","X2_o_.bam.txt","Group1","normal","healthy",-0.1596095,0.06928613,0.01158436,0.1032047,-0.03142414,0.002317923,-0.2772871,-0.02033046,-0.1072114,0.05160882,-0.02403595,0.03875437,-0.4592882,-0.2310068,-0.4557321,0.04797236,-0.4459211,-0.03217587,-0.439338,0.05235187,0.235456,-0.02683636,-0.2939869,-0.2749445,0.1052067,-0.2960207,0.2837017,-0.3606888,-0.3645482,-0.3658454,-0.2329768,-0.1799121,-0.2429067,-0.1602659,-0.2563019,0.1611097,0.4922022,-0.2075426,-0.1927847,-0.1347971,-0.2213653,-0.191697,0.3249155,-0.6649847,-0.1419667,-0.3513715,-0.1948334,-0.2150945,-0.1037624,-0.1384556,0.2213287,0.07105805,-0.2563727,0.07382845,0.08289635,-0.1054474,0.06534294,0.04523318,0.004251377,-0.05905103,0.1415622,0.1215942,0.02613679,-0.03273787,0.1164855,-0.2797896,0.08193476,0.1879438,-0.1018305,-0.1726179,0.2525577,0.1772699,0.1032165,-0.1564659,-0.1770846,-0.1723163,0.4116237,0.10105,-0.7203524,0.08213337,-0.363586,-0.3410084,-0.914496,-0.5305545,-0.5558317,-0.2031598,-0.1955586,-0.08475044,0.04260871,-0.3297763,-0.4885088,-0.6714239,0.09910286,-0.1855884,-0.1165135,-0.5737728,-0.5170067,-0.1000504,-0.02894801,-0.3843439
"3","X3_o_.bam.txt","Group1","normal","healthy",0.4145914,-0.2959629,-0.2164733,-0.3782407,-0.3304449,-0.3681486,0.5073292,-0.4477865,0.3187436,-0.4541076,-0.3727787,-0.3094247,0.4611877,0.5108016,0.4607005,-0.387154,0.4677461,-0.2717983,0.4344287,-0.2446226,-0.3611448,-0.2987561,0.4917844,0.4431093,-0.5728546,-0.1294066,0.07919614,-0.02643181,-0.06562448,0.04320471,-0.2910591,-0.1192885,0.1503693,-0.1050785,-0.3007202,0.05633812,0.003620843,0.0379888,-0.125011,-0.1097037,-0.01882996,0.1114545,0.1827607,0.03488875,-0.1167491,-0.04809036,-0.01517129,-0.150767,0.04134805,0.005327942,-0.1164838,-0.111592,-0.1279644,-0.2001627,0.05705331,-0.09028731,-0.3086037,0.07544372,-0.06871124,-0.09082496,-0.04231068,-0.291931,-0.1452041,-0.1151418,0.0116294,-0.111757,0.0421238,-0.0304641,0.06538632,-0.1035054,-0.2432523,-0.174575,-0.3686432,0.01151186,-0.5270962,-0.1669029,0.2552524,-0.1841698,0.3890612,-0.3233238,-0.06111781,-0.3936643,-0.1198293,0.04105798,-0.451926,0.1109789,-0.3223306,-0.1827654,0.04713585,0.2249001,-0.3444525,0.265819,0.1656374,-0.2014249,-0.04048866,0.06119749,-0.1723093,-0.257389,-0.1194294,-0.2949145
"4","X4_o_.bam.txt","Group1","normal","healthy",0.4349562,-0.2471058,-0.2091725,-0.393652,-0.3089583,-0.3628119,0.5530311,-0.4296205,0.348613,-0.4167727,-0.3765904,-0.306981,0.4417593,0.6153747,0.5084283,-0.362341,0.4634477,-0.3117281,0.4544218,-0.238021,-0.3347069,-0.252396,0.5329312,0.3775181,-0.4779988,-0.03202576,-0.08044304,-0.1566255,-0.1264093,0.3255728,-0.1706747,0.01495354,0.2182274,-0.1015306,0.0013022,0.05194353,-0.2276811,-0.03502985,-0.08207754,-0.07002064,0.2216209,-0.0489682,0.1362451,0.2887645,-0.001325407,0.0199971,-0.01282792,-0.09446854,0.08352601,0.05066971,-0.1354209,-0.04843836,-0.4571824,-0.2085278,0.04887977,-0.0358048,-0.5025599,-0.0249848,-0.04713437,-0.09611053,-0.1051945,-0.2214983,-0.1608685,-0.1271471,-0.05167202,-0.1513822,0.001155005,-0.07077742,0.03078899,-0.02787267,-0.3820003,-0.1469953,-0.2077887,-0.04767112,-0.4991125,-0.03232446,0.283364,-0.1758182,-0.004791152,-0.2197676,-0.1906276,-0.1691466,0.09622452,0.3752582,-0.4893839,-0.06184374,-0.1969761,-0.05281233,-0.07968279,0.3694254,-0.4651791,0.1621976,0.06523796,-0.1650602,0.01090462,0.1927823,-0.0484814,-0.1493722,0.0757878,-0.2614257
"5","X5_o_.bam.txt","Group1","normal","healthy",0.3421017,-0.2085403,-0.1492029,-0.2827306,-0.2236408,-0.1666308,0.4381325,-0.2170596,0.2170609,-0.3495154,-0.1593315,-0.1763043,0.4579053,0.4219085,0.5157831,-0.30831,0.4997024,-0.1881226,0.4448595,-0.1514989,-0.1834075,-0.1494394,0.3475505,0.3650633,-0.4271468,0.1022284,-0.1266799,0.06686623,0.1909977,0.2261422,0.09872397,0.01063663,0.3061165,0.1403795,0.2261822,0.04446329,-0.4085166,-0.1375714,-0.0548921,-0.005424212,0.05369829,0.4010365,0.05574211,0.2181322,0.1180867,0.2440631,0.2836303,-0.1837071,-0.04282463,0.05812158,-0.2327438,0.02243373,-0.2763107,-0.08926399,0.06344176,-0.09226899,-0.6736825,-0.02047458,-0.01828926,-0.02701425,-0.1921021,-0.1817358,-0.1814152,0.0232717,-0.1125093,0.0504446,0.04238581,-0.1571991,0.02137362,-0.1832484,0.05167353,-0.07061656,-0.2906024,-0.07705235,-0.6033492,-0.2410909,0.05971509,-0.3023159,0.01513448,-0.4798831,0.2842602,-0.3349866,-0.4109083,0.1161883,-0.2236636,-0.1843897,-0.07722055,-0.06790189,0.09060994,0.005864532,-0.6064976,0.3160292,0.004394814,-0.2773386,0.02854034,-0.3453342,-0.1538596,-0.2093493,0.009870859,-0.07735683
"6","X6_o_.bam.txt","Group1","normal","healthy",0.3733999,-0.1452204,-0.1495439,-0.2955221,-0.2268465,-0.1274225,0.4636457,-0.2073687,0.1781968,-0.3211506,-0.1447008,-0.1996245,0.4849526,0.4951646,0.4996547,-0.2736178,0.4637955,-0.1444759,0.4083879,-0.1044709,-0.1924475,-0.1918411,0.4192481,0.3967588,-0.4474408,0.2122486,-0.2173398,0.2720394,0.1206064,0.2088332,0.07257261,0.05775929,0.3756303,0.1883837,0.3550165,-0.1266215,-0.2869974,0.1041165,0.02059463,0.02637743,0.1809878,0.2025306,0.07225975,0.6179828,0.04492496,-0.1008383,0.2923476,0.06443758,0.2845556,0.1896862,-0.1371292,-0.02227463,0.07834366,-0.1492606,-0.01622804,0.007537787,-0.4767022,-0.103916,-0.0008688562,-0.01033146,-0.1618195,-0.07288315,-0.2787697,-0.009332193,-0.1386591,-0.0583415,-0.01646599,0.04237731,0.05042481,-0.1591661,-0.1713888,-0.1190017,-0.3234174,-0.1517665,-0.3979696,-0.1704666,0.05389088,-0.082149,0.0214476,-0.6652677,-0.01162284,-0.2336024,-0.510349,-0.01059328,-0.09205485,-0.3562999,0.1700404,0.03118877,-0.003335038,0.09743333,-0.3236259,0.09883269,-0.01139256,-0.1505438,0.02582138,0.05908333,0.008324214,-0.1617091,0.01128073,0.06993934
"7","X7_o_.bam.txt","Group1","normal","healthy",0.3328483715,-0.1560075673,-0.1379860213,-0.3520774782,-0.3213513472,-0.2352208087,0.357206962,-0.2105821393,0.1386357874,-0.3656854376,-0.2280549744,-0.2076956769,0.3548561929,0.4678363564,0.3172016974,-0.3508996312,0.2427866374,-0.1970428882,0.2747759753,-0.1913553659,-0.2909456296,-0.2267563194,0.3468937341,0.2617083753,-0.5102926375,0.1981116838,-0.2320278394,0.0741440769,0.2867763309,-0.0252803803,0.144633552,-0.1335221734,-0.0065758601,0.0448020927,0.2155246849,-0.2603056888,-0.1468397898,0.1648624413,-0.1259593445,0.1160534604,-0.1271266186,0.3211792921,-0.0937771752,0.5159821857,-0.1103754977,0.0274760886,0.1457944482,0.0787881282,-0.0051115615,0.1149083173,-0.5371413551,-0.1955508621,-0.4843847011,-0.1195217006,-0.1902123127,-0.2011752648,-0.4655465809,-0.1577090192,-0.1598850717,-0.208638005,-0.1834727355,-0.2088282444,-0.3734165221,-0.3403952232,-0.257693941,-0.2961222623,-0.1998849863,-0.3179541809,-0.1352879695,-0.5721735725,-0.3577793095,-0.2862774112,-0.3606625109,-0.1403354984,-0.7008737729,-0.2360336121,0.3712928181,-0.0973253781,-0.4440737091,-0.6520662596,-0.5648051643,-0.4314976296,-0.6357865341,-0.4026058561,-0.3369044583,-0.221165771,-0.4281597148,-0.0199108882,-0.1423517749,-0.3821206329,-0.3237013043,-0.3245283293,-0.2035749733,-0.3650488939,-0.0070610353,0.3482921947,-0.4146108514,-0.1530831777,-0.0879757931,-0.3940506994
"8","X8_o_.bam.txt","Group1","normal","healthy",-0.007125114,-0.03675151,0.001396319,-0.1976409,-0.09975768,-0.1194155,0.1764262,0.01616824,0.01087294,-0.2018014,-0.0738155,-0.1386282,0.02947648,-0.06634473,0.006125471,-0.1174905,-0.06025495,-0.1237934,-0.09785945,-0.0508222,-0.1233388,-0.09175465,-0.1306086,-0.1243425,-0.1975625,0.2511664,-0.3597935,0.3941754,0.2458634,0.2257549,0.3884434,0.1933012,0.337858,0.2034593,0.3663796,-0.306184,-0.1733008,0.3170864,0.1519246,0.1806376,0.4059396,0.4062194,-0.3643405,0.43414,0.3353805,0.5566222,0.2823656,0.4039855,0.3989394,0.1907851,-0.4779049,-0.2329934,-0.6545748,-0.2690484,-0.2663753,-0.2254232,-0.348291,-0.1362948,-0.1401694,-0.08862015,-0.1175596,-0.542863,-0.1230549,-0.2058207,-0.1507167,-0.3212047,-0.2079489,-0.2509357,-0.1388414,-0.3945014,0.07845151,-0.1936683,-0.2904981,-0.2711844,-0.6580683,-0.1991523,-0.3993242,-0.1315856,-0.06598074,0.2717587,0.152811,0.1272501,-0.618744,0.01100337,-0.01495235,-0.6347793,-0.02566957,0.0619509,-0.2698225,-0.06319582,-0.1777597,-0.03311207,-0.04093137,-0.01398367,-0.04076872,-0.1861198,0.5800294,0.06303565,0.02566188,0.1062468
"9","X9_o_.bam.txt","Group1","normal","healthy",0.4431192,-0.2484118,-0.2142663,-0.3137548,-0.2376061,-0.2726917,0.5268111,-0.3059813,0.280303,-0.2888008,-0.3134153,-0.2231477,0.4921165,0.6034318,0.5497026,-0.3107389,0.5043081,-0.2531494,0.4833397,-0.2232808,-0.252127,-0.2576441,0.4704253,0.3575003,-0.3436071,-0.1253233,-0.1160957,-0.183721,-0.1689582,0.03565781,-0.1509958,0.0426695,0.4457007,-0.1029617,0.1417098,0.1203586,-0.2911825,0.2590549,-0.1290433,-0.198444,-0.0912656,0.5967919,-0.2606591,0.002664369,-0.1402835,0.02162781,0.2022917,-0.1103795,0.07466137,-0.02011748,-0.4155686,-0.1100878,-0.7328129,-0.2257626,-0.1081535,-0.05548625,-0.605642,-0.03585954,-0.07414049,-0.04219423,-0.1735811,-0.3451326,-0.2699497,-0.03046893,-0.127152,0.02815486,-0.07809298,-0.2032386,0.0002068107,-0.4053514,-0.3967021,-0.2173768,-0.1623196,-0.08055866,-0.4540303,-0.1732741,0.04692819,-0.2128933,-0.4237931,-0.1871288,-0.1514908,-0.3815282,0.1357348,-0.001075447,-0.3936725,-0.6595784,-0.2098536,-0.1719038,-0.05334635,-0.3289972,-0.5065657,0.3351653,-0.08590523,-0.120846,-0.02063244,-0.2535271,0.350319,-0.1359473,-0.1615821,-0.04197349
"10","X10_o_.bam.txt","Group1","normal","healthy",-0.4570936,0.2842008,0.1794318,0.3806337,0.2810881,0.4538362,-0.5669029,0.4108628,-0.3747835,0.4082454,0.465385,0.340009,-0.5535891,-0.5777131,-0.527915,0.4279695,-0.5369867,0.3410905,-0.5810073,0.3050186,0.4935526,0.2685153,-0.6002803,-0.4943799,0.4677567,0.1229889,0.05843883,-0.1837574,-0.229605,-0.2771021,-0.04547463,0.03632804,-0.2127885,-0.1066701,-0.08204322,0.01294973,0.1689619,-0.08744403,-0.1279742,0.03162193,-0.374277,-0.02919285,-0.1134011,-0.7025755,0.08694719,0.1629128,0.0762961,0.1428394,-0.1491181,-0.1605619,-0.2045824,-0.1473307,-0.14399,-0.1942223,-0.2476165,-0.05449796,-0.3827848,-0.0707575,-0.1557196,-0.03383728,-0.07494975,-0.2490292,-0.04610833,-0.1301151,0.1271333,-0.1249565,-0.1290651,-0.1781826,-0.06505935,-0.137174,-0.2494444,-0.1532119,-0.1879865,-0.07507382,-0.003666026,-0.2523223,0.2113618,-0.5850969,-0.5810219,-0.1513011,-0.1456302,-0.1394429,-0.6078047,-0.1138885,-0.2608534,-0.4107566,-0.4157962,0.01770492,-0.3949661,-0.203262,-0.05080234,-0.1254194,-0.2708752,0.06661538,-0.05230627,-0.4092123,-0.370231,-0.04806629,-0.2367809,0.02132468
"11","X11_o_.bam.txt","Group1","normal","healthy",0.2261225107,-0.0471294687,-0.1177035605,-0.1148265463,-0.1773395529,-0.1969383103,0.2034119012,-0.2712989063,0.1165085346,-0.1513707054,-0.2594664666,-0.1539502482,0.1709498148,0.3880561518,0.1089721104,-0.1832504933,0.1803265183,-0.1711411954,0.2799877751,-0.1238107103,-0.1793537189,-0.2197466532,0.3531047176,0.0832490775,-0.2615894352,-0.2797393978,0.4001407455,-0.4568943116,-0.3847106279,-0.5143159481,-0.4230632344,-0.2794353415,-0.4508160907,-0.1795121084,-0.501004004,0.1675400811,0.3611584486,-0.3133446189,-0.176515251,-0.2994168052,-0.4166999918,-0.6128475854,0.2849632374,-0.539838701,-0.1662101442,-0.5695831135,-0.2112539135,-0.5893088394,-0.287218734,-0.3133248826,-0.0009393984,-0.0615672191,0.2060219687,0.0257201385,-0.0119215869,-0.0927292799,0.2847699823,-0.0008728542,0.0413944863,0.0339491486,-0.0971077486,0.1304203906,-0.0635006637,-0.0442546537,-0.0630184942,-0.1823357846,-0.0066517903,0.1761808804,-0.0623171286,-0.2223137737,-0.2050884428,0.0730190773,0.0331061803,0.049534416,-0.4100115837,-0.1705092151,0.3487439348,-0.7476360393,-0.2843627258,-0.3048460195,-0.1197872033,-0.2262742271,-0.523398158,-0.2787439874,-0.2987194756,-0.7298284401,-0.1063603908,-0.0805107383,-0.1751449685,-0.1198558406,-0.3765615043,-0.5062542734,-0.075360094,-0.1361073621,-0.0313478576,-0.6866145877,-0.1446987489,-0.1188571994,-0.1138877731,-0.2752703935
"12","X12_o_.bam.txt","Group1","normal","healthy",0.3982085463,-0.235704377,-0.2177367953,-0.309964519,-0.361817989,-0.3139711414,0.4437639112,-0.3868463923,0.3033178545,-0.4050940605,-0.3650141261,-0.2958823169,0.4471230826,0.5770300129,0.4091965396,-0.3174054169,0.4267032176,-0.2968853763,0.4920080847,-0.2750804129,-0.3825015054,-0.2767563312,0.5170874353,0.2861540037,-0.3818770644,-0.2154175866,0.3114082345,-0.2694258436,-0.3652276405,-0.3306399793,-0.3260338005,-0.2283165035,-0.3890950031,-0.1798614516,-0.3906830716,0.085526876,0.3956252393,-0.2393805223,-0.1213851307,-0.1032217789,-0.0262919473,-0.3016664335,0.1785149725,-0.4616778994,-0.0723651162,-0.5500844764,-0.2101898195,-0.4224670877,-0.3000857402,-0.0438705946,0.06247669,-0.0003601678,0.1728648374,0.2420983093,0.0493442916,-0.0379142094,0.4450292334,0.055077524,0.0225632107,0.0618962091,0.0543824772,-0.0631676178,-0.0755679731,0.0065625392,-0.0144684172,0.2051490945,0.041955875,0.2113546196,0.0002637279,-0.1104720202,-0.1262133452,0.0829702145,0.1542231562,0.1602654526,-0.305915385,-0.1061138436,0.1494569627,-0.5455784475,-0.303396357,-0.0369474468,-0.1546963462,0.0328341349,-0.1728482062,-0.0675862177,-0.4284520462,-0.6946681384,-0.1081083607,-0.1272808781,-0.0437470159,-0.1273112157,-0.2964493722,-0.3139975996,-0.0398517652,-0.1788163056,-0.0729257211,-0.4300945347,-0.093700304,-0.0548799787,0.14191589,-0.2270338351
"13","X13_o_.bam.txt","Group1","normal","healthy",-0.4705542,0.277593,0.2253738,0.3943354,0.2875042,0.331972,-0.5371469,0.4069617,-0.4293836,0.4086521,0.3477114,0.2521833,-0.5490816,-0.5525962,-0.5521094,0.3082666,-0.5443916,0.2853314,-0.5374192,0.2743397,0.3888211,0.233484,-0.5029903,-0.4777077,0.4955821,-0.1743308,0.2953511,-0.06495198,-0.2064307,-0.2662042,-0.01988379,-0.04258655,-0.2379948,-0.1634341,-0.332492,0.05997759,0.3112761,-0.07306339,-0.2031003,-0.1370667,-0.4285532,-0.1625236,0.03348877,-0.4575781,-0.0606969,-0.08158533,-0.1553222,0.01573575,-0.3074789,-0.3392253,-0.2527737,-0.03534487,-0.1433841,-0.2177816,-0.1318076,-0.1479096,-0.2317388,0.01159887,-0.02753177,-0.02482473,-0.07253317,-0.1601536,-0.1789975,-0.06404128,0.01781074,-0.2669676,-0.07443016,-0.1163193,-0.06768399,-0.01463006,-0.1623177,-0.1265615,-0.05650006,-0.09873828,-0.4119597,-0.3009478,0.283209,-0.4750886,-0.4365292,-0.08161193,-0.08723961,-0.4226734,-0.6087183,-0.4030469,-0.7156649,-0.6411662,-0.3212126,0.1029847,-0.2977031,-0.2444693,-0.2424636,-0.2894079,-0.2464491,0.003614688,-0.1005284,-0.1983137,0.07525574,0.01351727,-0.2450986,-0.1123752
"14","X14_o_.bam.txt","Group1","normal","healthy",0.008428848,0.08062293,0.03886406,0.1864846,0.0484957,0.06322909,-0.01087133,0.04301524,-0.06554457,0.1486131,0.006829022,0.04343039,-0.2047755,0.09643495,-0.147491,0.004365869,-0.2111228,-0.0006249353,-0.06816558,-0.04402542,0.1340759,0.02720554,0.1221568,-0.1682009,0.07361079,-0.2394451,0.4040765,-0.2571004,-0.2073893,-0.3246711,-0.2123176,-0.07174506,-0.4102945,-0.08867836,-0.3933965,0.0262668,0.2845077,-0.1728455,-0.2156708,-0.1906584,-0.6239046,-0.4392293,0.1396478,-0.6528335,-0.1452542,-0.461144,-0.1895563,-0.2904703,-0.2734888,-0.2475859,0.192184,0.087952,0.1289998,0.1432596,0.02524925,-0.05747114,0.4248178,-0.008800677,0.09939657,0.01320443,-0.102864,0.3117783,0.1006497,-0.02932666,-0.0370836,-0.1332518,0.05966287,0.1306376,-0.032995,0.003096505,-0.03657962,0.07003173,0.2303229,0.1415365,-0.291321,-0.2129622,0.4287548,0.02867104,-0.2470421,-0.1430478,-0.1258634,-0.393026,-0.7639696,-0.172847,-0.06535199,-0.710902,-0.2144071,0.03159356,-0.2624399,0.01266441,-0.4894332,-0.3856746,-0.1022302,-0.1327471,-0.146169,-0.6209825,-0.09969984,0.07595075,-0.1348406,-0.1998125
"15","X15_o_.bam.txt","Group1","normal","healthy",-0.2184832215,0.0427040928,0.0348991153,0.144584509,0.0785418682,0.0944228781,-0.3407850173,0.1362197618,-0.2126028136,0.1289382799,0.0694858087,0.0557070119,-0.1211980335,-0.1665543256,-0.1315534291,0.0776946386,-0.0781225663,0.0033418592,-0.086347297,0.0208537958,0.2520770505,0.0154145636,-0.2290414656,-0.0745995573,0.3189097176,-0.3027999402,0.3296737337,-0.387727274,-0.3340650706,-0.4815953187,-0.360866708,-0.195205255,-0.4703153104,-0.2480126859,-0.5720237502,0.1994569482,0.3820473894,-0.3693286269,-0.3449908999,-0.1833390972,-0.5405699877,-0.5236551272,0.2476216129,-0.619266452,-0.1338867475,-0.3209023854,-0.1931439034,-0.3414146069,-0.3547341911,-0.2640749219,-0.1806125272,-0.2079395618,-0.1498048669,-0.1316215869,-0.0619227891,-0.0375834515,-0.4314146763,-0.0361412704,-0.135133895,-0.0591181567,-0.0428039118,-0.4120755897,-0.143294545,-0.1054691063,0.0177464223,-0.3234798039,-0.0349121126,-0.0517757637,-0.1042302167,-0.4691857266,-0.4795126098,-0.252756126,-0.2253778612,-0.0432570142,-0.4299307232,0.161773964,0.4798058212,-0.2473810514,-0.5139998594,-0.1628670029,0.1540459321,-0.3331601751,-0.5068397256,-0.5110785501,-0.3656969153,-0.8739207222,-0.4439394587,0.0733120241,-0.1853088579,-0.0179445226,-0.4074511632,-0.3476796314,-0.0151819076,-0.1585658904,-0.0764538769,-0.8194891112,-0.2431895237,-0.1491423894,-0.1004960304,-0.1203885295
"16","X16_o_.bam.txt","Group1","normal","healthy",0.3882411,-0.2349292,-0.202873,-0.3887748,-0.3159546,-0.3213529,0.4904525,-0.3995867,0.2818766,-0.3979804,-0.3306987,-0.2516682,0.4394705,0.5746923,0.5478245,-0.3342475,0.4237717,-0.262695,0.5371145,-0.2497183,-0.3576845,-0.2738884,0.5312543,0.2969735,-0.3391565,-0.06756636,0.1724298,-0.1932979,-0.144648,-0.3692732,-0.214316,-0.0268254,-0.1428951,-0.1294071,-0.2458142,0.006436849,0.2145502,-0.07186407,-0.1619483,0.09080487,-0.1889902,-0.3691167,0.02397066,-0.2390374,0.05135716,-0.01362642,0.04111464,-0.2836358,-0.09115455,-0.04171317,-0.2402247,-0.06388393,-0.03260464,-0.2973056,-0.02593675,-0.06195571,0.06285953,0.002367329,-0.06884833,-0.1292466,-0.03988617,-0.4514185,-0.1333447,-0.07882606,-0.05810123,-0.2632062,-0.01614586,0.1249837,-0.008004715,-0.4010337,-0.4039971,-0.08474187,-0.1763601,-0.03112867,-0.5366242,0.06769962,0.01754096,0.04078133,-0.4338369,0.1733234,0.2282559,0.1083657,0.3058512,0.2696489,-0.1130278,-0.5619678,-0.2074416,-0.002029217,0.17119,0.2240308,-0.3204754,-0.07096078,0.06910856,-0.2427031,0.01495465,-0.420361,0.06699733,-0.01064582,0.1699906,-0.06143354
"17","X17_o_.bam.txt","Group1","normal","healthy",-0.3567875,0.1959606,0.06126556,0.2813977,0.2815833,0.2258265,-0.4465785,0.2696584,-0.2180445,0.3595218,0.1978229,0.1290709,-0.3059517,-0.4236986,-0.2500724,0.2441382,-0.2298927,0.198542,-0.126078,0.2993414,0.3381727,0.1373268,-0.4510943,-0.2663441,0.3612724,-0.2772125,0.2736925,-0.2331366,-0.4336795,-0.5388774,-0.2915854,-0.2551574,-0.2984914,-0.2278641,-0.4479983,0.2755816,0.1700131,-0.4686891,-0.2658893,-0.3735046,-0.5604295,-0.7153519,0.1542679,-0.5685424,-0.1741057,-0.4172061,-0.1663228,-0.3263405,-0.4031886,-0.205395,-0.371787,-0.1730561,-0.08303444,-0.1006069,-0.1301989,0.03749668,-0.1639556,-0.1370047,-0.170879,-0.01416982,-0.1150343,-0.1851562,-0.1910332,-0.08559276,-0.137304,-0.2237624,-0.06574862,-0.03035619,-0.1217592,-0.4445313,-0.4249178,-0.1526922,-0.1029784,0.03400451,-0.148019,-0.06613573,0.1300789,-0.2529324,-0.5683562,-0.1023272,0.03525926,-0.2991896,-0.6848672,-0.5117261,-0.102034,-0.2268093,-0.2106717,-0.04086202,-0.1248696,-0.1349514,-0.1658026,-0.02789841,-0.1402381,-0.07599388,0.03986392,-0.4071388,-0.2057254,-0.0532573,-0.03547833,-0.0952693
"18","X18_o_.bam.txt","Group1","normal","healthy",0.4209452421,-0.2795085358,-0.262690412,-0.330832906,-0.2818595047,-0.3025003947,0.4801444061,-0.3515469367,0.3344695182,-0.3992739782,-0.3634564655,-0.3361139102,0.5905754079,0.4810330486,0.605878271,-0.366992601,0.6012003774,-0.243817413,0.5946374758,-0.1931111421,-0.4025613028,-0.2869164467,0.4645520915,0.4367297735,-0.2897419532,-0.0012777656,0.1712334176,-0.1495603558,-0.1550020235,-0.4056977969,-0.2319484774,-0.115202256,0.1663293957,-0.0595915416,-0.2409369095,0.0827221833,-0.0147827729,-0.1525396685,-0.0240880518,-0.1842381104,0.0728776493,-0.2891327083,0.0675985591,-0.0390927581,-0.130147397,-0.4497290389,0.1234686967,-0.3680007579,0.015115347,-0.1552300659,-0.3253594131,-0.0016344767,-0.3521287895,-0.1768818894,0.0884748297,-0.0093463188,-0.2016709405,-0.03450112,-0.0015412865,-0.0572602031,0.0151677576,-0.1667588942,-0.045869793,-0.0716784549,-0.0416860857,-0.2238449164,0.0387219209,0.0202328691,0.0170926194,-0.3655503814,-0.114891067,-0.0628430854,-0.0036821747,0.1139337623,-0.3563530591,0.2255365516,-0.2016382591,-0.3778381863,0.10852541,-0.2376132043,-0.0630408988,0.0871525512,0.2825865164,0.2060460542,0.1227071618,-0.5348095934,-0.0180122397,-0.0512890612,0.0461650513,0.186995266,-0.3300909482,0.0825174679,0.1036446636,-0.3362828423,0.0545820952,-0.2296012397,0.0618830286,-0.0540031836,-0.0804308937,-0.0233832604
"19","X19_o_.bam.txt","Group1","normal","healthy",-0.3965728,0.217568,0.1598568,0.1739871,0.2062213,0.2151984,-0.4306597,0.263559,-0.27203,0.4009633,0.2356208,0.217458,-0.4038713,-0.4592925,-0.4385225,0.1963066,-0.4358013,0.2096024,-0.4522745,0.1425179,0.3682537,0.1340513,-0.4292071,-0.3471378,0.3254988,-0.03446919,0.295013,-0.1734318,-0.2313876,-0.4938075,-0.1849312,-0.1764095,-0.5557706,-0.182837,-0.3712155,0.09753907,0.1903635,-0.3820087,-0.07069992,-0.2332736,-0.3142352,-0.5066095,0.1717091,-0.5826948,-0.1359602,-0.303022,-0.2221818,-0.205748,-0.4297537,-0.2578076,-0.2624968,-0.197116,-0.3063983,-0.1495405,-0.1795916,-0.07837281,-0.1267921,-0.1797056,-0.04245448,-0.08370917,-0.07122406,0.2096857,-0.06652263,-0.0722479,-0.1884647,-0.3294203,-0.108577,-0.08565881,-0.1341744,0.1125653,-0.3313657,0.001442345,0.1624495,-0.1419798,-0.2187862,-0.1957616,0.4180233,-0.4796252,-0.4650327,0.03688198,-0.1940974,-0.208411,-0.6986563,-0.5841752,-0.3674394,-0.6826985,-0.365061,0.01503577,-0.1961006,-0.1664954,-0.009619317,-0.3594694,-0.1027477,0.01573293,-0.02576435,-0.3640926,0.07359221,-0.009150107,-0.2054778,-0.1625839
"20","X20_o_.bam.txt","Group1","normal","healthy",-0.1657139537,0.1153817502,0.0801787682,0.1671487409,0.0715290275,0.1227150382,-0.2391430575,0.0764185194,-0.1436481779,0.116485236,0.0895690431,0.0609357545,-0.1421926914,-0.1042179842,-0.0931465706,0.2031617829,-0.0670569337,0.1163914662,0.0266459271,0.0786174274,0.2719182618,0.0721760173,-0.0927843239,-0.1244147994,0.2025797907,-0.2136399911,0.4423645326,-0.1585787992,-0.3296762987,-0.4111752471,-0.2941379122,-0.1746852014,-0.4472574221,-0.2034835618,-0.4474286465,0.132378035,0.3213152582,-0.4538285699,-0.2777253545,-0.2577716708,-0.1879240309,-0.3571667588,0.3131278654,-0.6294151708,-0.2091516972,-0.4903953406,-0.2402882668,-0.1045622987,-0.1524467323,-0.2339855811,-0.2346731009,-0.1757542894,-0.1101791031,-0.1402157628,-0.109500927,-0.029874485,0.1067324076,-0.0661541416,-0.076589188,-0.0373006236,-0.0983785029,-0.1149140436,-0.0799510113,-0.1471896671,-0.077530074,-0.3125230258,-0.0757712249,-0.0780964794,-0.0692750671,-0.3904324567,-0.4097285377,-0.1459660163,0.0132377415,-0.1686183264,-0.4552804588,-0.0737610092,0.3914035282,-0.5786286449,-0.3149889607,0.0131728006,0.0373335861,-0.2497304239,-0.4185399919,-0.0940483253,-0.1461798006,-0.7243169651,-0.2348065359,0.0678660598,-0.1898350857,-0.0948494971,-0.3358851033,-0.2988515294,0.025066663,-0.054759515,-0.050956733,-0.6854797886,0.0586603077,-0.0934254096,-0.0563882426,-0.1855573722
"21","X21_o_.bam.txt","Group2","normal","cancer",0.05608226,-0.04377368,-0.02772178,-0.1149925,-0.02257739,-0.1352222,0.2191102,-0.08913872,0.03914014,-0.07027756,-0.1127457,-0.1057448,0.2695829,0.01037565,0.2804338,-0.1811504,0.191057,-0.06755853,0.261948,-0.05245839,-0.04998435,0.02573713,-0.04216888,0.1325571,0.02271871,0.2631801,-0.3213642,0.3003956,0.2561955,0.4522366,0.2757499,0.2392939,0.4994117,0.180829,0.4835562,-0.1149578,-0.3331113,0.3968722,0.2227642,0.04696139,0.2296458,0.3469325,-0.2501266,0.455466,0.202179,0.5228575,0.228048,0.3496175,0.3848162,0.2726277,-0.1197716,0.01869111,-0.5637323,0.01452455,0.01046523,-0.01518813,-0.3980465,-0.01078987,0.07455059,0.002742861,0.07906953,-0.08894793,-0.09998882,0.06199267,-0.04717534,-0.181978,-0.003807908,-0.07167081,0.0597041,0.01547376,-0.07311632,0.1457727,-0.005772802,0.002277813,0.05837105,0.2235219,-0.4854083,0.1488687,0.2233212,0.6276163,0.2750357,0.2553161,-0.2116233,0.207926,0.4090866,-0.2820235,0.3387016,0.05017188,0.01619769,0.139317,0.2369139,0.2936539,0.09749693,0.04952438,0.04696623,0.1102815,0.3089566,0.05889405,0.3199067,0.07967299
"22","X22_o_.bam.txt","Group2","normal","cancer",0.3706708,-0.2354489,-0.1733375,-0.2451938,-0.3456923,-0.1277725,0.4756498,-0.4357454,0.2827047,-0.3831,-0.1264627,-0.1380949,0.3291518,0.4743456,0.3446261,-0.3335861,0.3614248,-0.1571464,0.3777034,-0.2537098,-0.3402213,-0.1448158,0.3562108,0.3606011,-0.4154496,0.2233166,-0.08948178,0.2006975,0.2884623,0.4428339,0.1723758,0.0754544,0.4615727,0.3187926,0.3269675,-0.05178881,-0.03671335,0.3516053,0.2328356,0.2952228,0.2825369,0.508126,-0.1233418,0.2707726,0.1838732,0.02335554,-0.02262609,0.1284924,0.3135341,0.376295,0.4234046,0.326224,0.7549173,0.3296584,0.2256718,0.1792585,0.2639515,0.1610865,0.1710487,0.1938969,0.3318623,0.6314801,0.2538605,0.1615175,0.2066922,0.09628768,0.1483595,0.4130784,0.152447,0.3846572,0.4428033,0.4063595,0.2127061,0.1475826,0.4945301,-0.2970131,0.4289429,-0.4740138,-0.171819,-0.2015871,-0.469142,0.07400282,-0.3956882,-0.1623462,-0.1105147,-0.4054131,-0.1736668,-0.2097387,-0.007498581,0.1414762,-0.2073348,-0.5218837,-0.1132762,-0.08604972,-0.06825635,0.1278035,-0.3160004,-0.1010773,-0.150974,-0.1115041
"23","X23_o_.bam.txt","Group2","normal","cancer",0.3964944,-0.2629263,-0.1615916,-0.2621041,-0.2022927,-0.2853579,0.4961993,-0.3808039,0.2373346,-0.2766765,-0.301953,-0.2040714,0.492196,0.4755443,0.4792956,-0.2931355,0.4880299,-0.1019626,0.4363963,-0.1342513,-0.3892613,-0.1574469,0.4197338,0.4212956,-0.3339267,0.2982221,-0.2396103,0.08395792,0.1400297,0.3875772,0.1778142,0.170301,0.5257446,0.2248318,0.3864953,-0.1781244,-0.445296,0.3486613,0.1122211,0.1837416,0.3191003,0.679544,-0.2650815,0.4787824,0.03004179,0.0904571,0.2148445,0.1370163,0.3837631,0.318346,-0.0197323,0.08712051,0.2551379,-0.06466455,0.1503912,0.09563918,-0.3248999,0.02658452,0.02616206,0.04746229,0.1424786,0.3277557,-0.06515305,0.1401631,0.08751455,0.1241496,0.08858634,0.09089733,0.1090435,-0.03572318,0.1689176,0.07958046,0.03958659,0.09594129,-0.0545647,-0.1402264,0.3896554,-0.5331964,-0.08584563,-0.2736076,-0.4784165,-0.2488928,-0.6086088,0.07674263,-0.1617317,0.5023018,-0.1995265,-0.2101443,0.1562238,-0.2878304,-0.3527022,-0.3271952,-0.1305647,-0.2137537,-0.07369571,0.04125273,-0.2781098,-0.2372587,-0.267389,-0.2372526
"24","X24_o_.bam.txt","Group2","normal","cancer",0.382606,-0.2244024,-0.1874976,-0.2558752,-0.1606007,-0.1923652,0.4256987,-0.3415539,0.2248743,-0.2297013,-0.1824451,-0.159981,0.4469201,0.4813773,0.4969677,-0.2494539,0.49186,-0.1018084,0.4424984,-0.1586431,-0.3117101,-0.1118431,0.3934608,0.3937313,-0.2919859,0.2086875,-0.1679094,0.1389866,0.09411062,0.4518958,0.06521454,0.06135899,0.4834135,0.1818961,0.3720053,-0.1551871,-0.419666,0.1911267,0.1152323,0.21067,0.1924032,0.3290182,-0.2393669,0.5263989,0.01585108,0.1404254,0.04905958,-0.1071774,0.1270995,0.2294022,-0.01487912,-0.022599,0.002946992,0.1946492,0.1418749,0.09441829,-0.1011321,-0.01501312,0.05922478,0.1034631,0.2171941,0.1868904,0.001278504,0.1012287,0.00387395,0.2023892,0.1437654,0.03221412,0.09510555,-0.05551232,-0.05542198,0.07863811,0.09776107,0.1608431,-0.1974,-0.1176671,-0.1316418,-0.6395803,-0.2727668,-0.1091368,-0.4926326,-0.2477114,-0.6046166,0.102641,-0.09816762,0.4459523,-0.01576746,-0.1255099,-0.1378506,-0.003699632,-0.5941014,-0.5309449,-0.1605281,-0.2444244,0.02395769,0.08443117,0.1694107,-0.1835408,0.001280507,0.006197525
"25","X25_o_.bam.txt","Group2","normal","cancer",-0.1519257,0.1269304,0.07406119,0.1822729,0.04061172,0.1579576,-0.06413352,0.1666881,-0.08106332,0.02122498,0.1972359,0.1409211,0.06311286,-0.3072661,0.03075978,0.1811284,-0.009801069,0.1332694,-0.1149447,0.04874552,0.0680447,0.2153795,-0.2701023,-0.05692627,0.1271126,0.2591636,-0.3235179,0.3517225,0.1241208,0.5366809,0.2929086,0.314685,0.2213229,0.1662101,0.1782884,-0.1589413,-0.3656387,0.2235566,0.296216,0.1252358,0.4520342,0.3005428,-0.3985823,0.2931305,0.2572379,0.5591347,0.3332984,0.546087,0.4508235,0.1563571,-0.07658492,0.01884782,-0.1764064,-0.195143,-0.01665984,-0.0313987,-0.5219651,0.01867753,0.1051322,0.03847495,0.02984316,-0.2541137,0.04378283,-0.01016399,0.04832739,-0.09434936,-0.01753641,-0.09002907,0.07075588,-0.08515704,0.1512794,0.1456337,-0.07889767,-0.09667798,0.04802471,0.1529448,-0.1551324,0.004309177,0.09247478,0.5673105,0.4298898,0.3530709,-0.2580673,-0.138968,0.4069282,-0.04165856,0.3513066,0.1787625,-0.1039624,-0.1470619,0.294519,0.1303991,0.03042272,0.259937,0.09892673,0.207584,0.406782,0.07656161,0.2777602,0.094386
"26","X26_o_.bam.txt","Group2","normal","cancer",0.1124946,-0.08037975,-0.05051695,0.1189507,-0.03870653,0.05603288,0.07078173,-0.2430771,0.08512346,0.04353872,0.03595739,-0.05649332,-0.0573583,0.06023345,-0.05643937,0.01741724,-0.07327399,0.09778117,-0.1038229,-0.1563343,-0.03377524,0.07040887,-0.07951857,-0.01924109,-0.2601689,0.04361377,0.2122792,0.1862304,0.2675762,0.2040051,0.1815395,0.08804111,0.08796983,0.283339,0.04634408,0.0205747,0.02127651,0.2904528,0.3238516,0.2334372,-0.1794028,0.2836627,-0.03154354,0.06658946,0.2141736,-0.1499875,-0.1272051,0.01322684,0.2125244,0.1981528,0.6115374,0.3892867,0.5478589,0.4269622,0.3436126,0.159537,0.6654078,0.1890907,0.3054498,0.289093,0.347377,0.5013322,0.2859574,0.3879393,0.2571971,0.4037386,0.2912518,0.4222502,0.2393974,0.5247746,0.6441231,0.5567453,0.3457253,0.3233198,0.7749128,-0.3228287,0.3446905,-0.4350913,-0.2851051,-0.5356147,-0.2617204,-0.1131994,-0.7741669,-0.179495,0.3191311,-0.1598696,-0.2056292,-0.1075212,0.01427315,0.08183084,-0.3641144,-0.640297,-0.1309678,-0.001950082,-0.1481386,-0.2781512,-0.1308034,0.01531237,0.04843654,-0.2198955
"27","X27_o_.bam.txt","Group2","normal","cancer",0.002886064,0.0724167,0.01683475,0.01833364,-0.02600904,0.0923339,0.1754462,-0.08787805,-0.04447543,-0.0140805,0.1175357,0.05653793,0.09136018,-0.06965258,0.1126033,0.07634103,0.1290162,0.1083946,0.03730246,-0.04258874,-0.02300298,0.1304018,-0.0869068,0.06607601,0.05915878,0.2920621,-0.2853356,0.3318992,0.1669716,0.5534592,0.3679898,0.357922,0.5325147,0.1794924,0.3577816,-0.1942045,-0.4417063,0.5285191,0.2983306,0.2257376,0.2910218,0.5001543,-0.3955872,0.6090353,0.3312469,0.6439388,0.2113684,0.60562,0.5033933,0.2957926,-0.1125691,0.03408339,-0.4003967,-0.05962681,-0.0438703,0.007917625,-0.5312745,-0.03233439,0.07213214,-0.03621626,0.04217768,-0.05009379,-0.1744313,-0.1027327,0.04125825,-0.1124769,-0.04600968,-0.1889158,0.01022655,-0.1372813,0.05188727,-0.0299684,-0.1119411,-0.009397846,0.08034275,0.1995561,0.03793652,0.002276196,-0.102868,0.3610922,0.08277803,0.1090698,-0.6847052,-0.3073781,0.03743928,0.3117895,0.04818966,0.1552348,-0.08105874,-0.009335751,-0.05631357,0.3664862,0.004249269,0.1534076,0.1240182,0.3350078,0.04289522,0.03591263,0.1534108,0.1394466
"28","X28_o_.bam.txt","Group2","normal","cancer",0.003724066,0.02351363,0.03026559,-0.09771006,-0.02347984,-0.01373982,0.1081503,-0.06165702,-0.0124373,0.002969531,-0.02200213,0.004146763,0.07969036,-0.007837563,0.04935422,-0.03958651,0.0602492,0.02392302,-0.04919952,-0.02675361,0.006286421,0.06575908,-0.08517877,0.01714699,0.03865169,0.2477534,-0.3044867,0.2576899,0.1026459,0.4236001,0.317431,0.2784088,0.3016649,0.1433513,0.2371662,-0.1666253,-0.2760133,0.5161484,0.214559,0.1355422,0.1313573,0.4450767,-0.4025475,0.5011167,0.2347911,0.530443,0.2962939,0.4704421,0.3783291,0.1663014,-0.302972,-0.08800893,-0.493247,-0.2426761,-0.1153451,-0.06396754,-0.6304831,-0.05449013,-0.009001515,-0.1023826,-0.09589982,-0.3562858,-0.2358626,-0.2282987,-0.01697389,-0.1914975,-0.1030739,-0.3627299,-0.02797005,-0.2906314,-0.342703,-0.1120654,-0.1590237,-0.05270954,-0.2323594,0.1662973,-0.08649365,0.0215036,-0.3460916,0.5134686,0.2660123,0.2463411,-0.7029585,-0.04286056,0.174613,-0.104175,0.1596835,0.1655133,0.04622472,-0.05906789,0.2457213,0.2475675,0.05149278,0.1822884,0.1274325,0.2643763,0.3381738,0.03790129,0.2730953,0.0697966
"29","X29_o_.bam.txt","Group2","normal","cancer",0.3899017,-0.1900883,-0.209343,-0.3789188,-0.3812181,-0.2096118,0.4253299,-0.3773984,0.2303987,-0.4349411,-0.246598,-0.2283574,0.3656401,0.5588719,0.4552226,-0.2702152,0.3678796,-0.1982454,0.4356432,-0.2462174,-0.360911,-0.2373418,0.4565993,0.202875,-0.4165042,0.08574476,0.06881263,0.02852197,0.2727135,0.2350205,0.1634526,0.002092024,0.1555452,0.1290049,0.3028441,-0.07845157,-0.06261022,0.3238905,0.1376935,0.2865175,-0.01702858,0.03956697,-0.1224243,-0.00977124,0.1201501,0.05009035,-0.08843609,0.05830923,-0.323903,0.3735508,0.11281,0.1085624,0.4685981,0.2826592,0.1280923,0.06406594,0.329633,0.03500801,-0.03423453,-0.04045791,0.0872997,0.3915332,0.1576951,0.07630869,-0.006699522,0.1080004,0.07064499,0.2548718,0.02282015,-0.2766531,0.3628394,0.1444115,-0.08184564,0.1404893,0.2130089,-0.09849554,0.362128,-0.4714312,-0.6001199,-0.3044199,-0.4094865,-0.1304845,-0.1447118,-0.5504119,-0.3440061,-0.3655174,-0.1418195,-0.0009657646,-0.1455992,-0.1615144,-0.306981,-0.3210873,-0.1469754,-0.2813635,-0.09060812,-0.2511919,-0.4805047,-0.2948625,-0.04839227,-0.1424362
"30","X30_o_.bam.txt","Group2","normal","cancer",0.3512215448,-0.1461396975,-0.1449062684,-0.3121328751,-0.2155185566,-0.1688292055,0.4516227742,-0.1821704472,0.1854910647,-0.2006107736,-0.167888631,-0.2460143401,0.3422169855,0.5399213428,0.371585915,-0.2494948166,0.3053753925,-0.1904130226,0.3062895373,-0.1873850469,-0.2706186554,-0.1916594482,0.4064895083,0.2090802149,-0.2357191871,0.3112676015,-0.2146233192,0.2782737315,0.2848739763,0.3466583199,0.3265916628,0.146286994,0.2926076614,0.167525968,0.3000393166,-0.2794426976,-0.4478051846,0.2847605122,0.2178147924,0.3215097429,0.1935712008,0.3839845533,-0.4092649008,0.3638258215,0.1663375937,0.1595309885,0.2373897031,0.3806153456,-0.0491967384,0.114933811,-0.3561922227,-0.0408063148,0.0847830606,-0.0871084616,-0.1265019698,-0.1845586864,0.0152193551,-0.1104896818,-0.0906205484,-0.0911846738,-0.0701309969,0.09242961,-0.0779955346,-0.0202249045,-0.1877941352,0.0488996193,-0.0806005806,-0.1744022648,-0.056415576,-0.330202001,-0.099840832,-0.0711222625,-0.0595503668,-0.0316867876,-0.3630955189,-0.2742342748,-0.0049760425,-0.3632883959,-0.5672057178,-0.0397082086,-0.2479679705,-0.2522480316,-0.3464979651,-0.3445513061,-0.4461838446,-0.3238005087,-0.0326490073,-0.0758492552,-0.0625108205,-0.3399268567,-0.5839642561,-0.297176201,-0.1720156382,-0.2754595125,-0.0324013468,-0.117101474,-0.1115928955,-0.1622646582,0.0316995099,-0.0894545262
"31","X31_o_.bam.txt","Group2","normal","cancer",0.2365641,-0.07211624,-0.04985821,-0.0994431,-0.1206668,-0.07340136,0.2409935,-0.1158913,0.08165081,-0.01748515,-0.09581822,-0.1393995,0.1415657,0.4806567,0.2061529,-0.144071,0.2030264,-0.09820564,0.1926012,-0.146028,-0.03116564,-0.155753,0.2449038,-0.0476642,-0.1302536,-0.187376,0.2788081,-0.1903108,0.06078195,-0.3112706,-0.09929542,-0.06532769,-0.253584,-0.1030666,-0.1315722,0.07687576,0.04711489,0.2982174,0.02286661,-0.02177585,0.06177095,0.01051847,0.04322393,-0.4320821,-0.1564805,-0.1718767,-0.07644752,-0.3238195,0.006960157,0.1749221,0.1021642,0.2425383,0.1677767,0.1254348,0.113214,-0.07340523,0.1497568,0.07563758,-0.0203472,0.05421446,0.1533233,0.4727063,0.05887307,0.2198723,0.04534231,0.1677753,0.1200455,0.3710301,0.113871,-0.0579556,0.240901,0.2007497,0.2118509,0.02563984,-0.1138915,-0.3603548,0.3347697,-0.6299546,-0.6751288,-0.4789884,-0.5315192,-0.1871267,-0.7300918,-0.6257729,-0.6138043,-0.746973,-0.19267,-0.2019073,-0.2235434,-0.4796222,-0.4703859,-0.4982805,-0.2746619,-0.3240475,-0.2212665,-0.3924221,-0.3210519,-0.2407455,-0.3124639,-0.2948818
"32","X32_o_.bam.txt","Group2","normal","cancer",0.3841715,-0.2685708,-0.1544212,-0.2313543,-0.1362719,-0.2811465,0.4235417,-0.3064441,0.1874852,-0.2565491,-0.2754715,-0.2275965,0.5136027,0.5534877,0.457049,-0.2734725,0.4705108,-0.2311105,0.4240656,-0.2421259,-0.2652748,-0.1974494,0.483194,0.3262863,-0.380779,-0.1647232,0.2136199,-0.1428705,0.2236256,-0.339822,-0.3313589,-0.08144164,0.1709715,0.02186423,0.16557,0.1746106,-0.1882389,0.2829244,0.06776282,-0.01462721,-0.02159014,0.2580975,0.08127687,-0.525079,-0.07918762,-0.2994955,0.04479495,-0.2949088,0.1502285,0.1319638,-0.01672334,0.1913602,0.1938702,0.1739195,0.137563,0.04307318,-0.09832001,0.08649494,-0.0399738,0.05916175,0.2023846,0.4587185,0.1714538,0.1425256,-0.03798431,0.1992374,0.1466511,0.2611785,0.1203846,-0.04160401,0.1463502,0.09938405,0.005531159,0.1396581,-0.124232,-0.2525857,0.3796429,-0.5948524,-0.0170318,-0.5702096,-0.2820768,-0.2474786,-0.2961762,-0.5010907,-0.4222643,-0.702938,0.1594823,-0.2385039,-0.1586716,-0.2797417,-0.2999952,-0.3378924,-0.08631422,-0.2887142,-0.09652316,-0.3607351,-0.3599263,-0.3260476,-0.2374856,-0.2219273
"33","X33_o_.bam.txt","Group2","normal","cancer",0.4661808,-0.2707455,-0.2200197,-0.2799624,-0.2841989,-0.2074014,0.5081815,-0.3578235,0.3782331,-0.3284086,-0.2262517,-0.1173981,0.389323,0.6019968,0.4799841,-0.2392377,0.4698823,-0.2026514,0.4453384,-0.2385887,-0.3794773,-0.1966759,0.4829719,0.2881195,-0.2809503,-0.1558154,0.1390943,-0.007401569,0.1254805,0.2208899,0.051722,0.04399127,0.3006388,0.1361702,0.2432195,0.2150039,-0.2066091,-0.05336979,0.2165369,0.1225589,0.06707687,-0.2818962,0.1304912,-0.4345946,0.1706747,-0.1907162,-0.1616423,0.2510338,-0.163163,0.3955116,0.5691841,0.2978893,0.7558931,0.1805702,0.3147565,0.2586314,0.5727996,-0.01944477,0.2775663,0.1027305,0.2391435,0.4847085,0.24255,0.2686591,-0.00803266,0.349158,0.1908782,0.464223,0.1999438,0.4884838,0.205206,0.2676761,0.3967518,0.2578851,0.5317273,0.193409,0.3497472,0.270685,-0.07553151,-0.1713545,0.1544021,0.2079351,-0.003689947,0.2173421,0.1607824,-0.4617611,0.07025749,-0.03255784,-0.07258086,0.1981704,-0.09677793,-0.09647056,0.07008679,-0.01077088,-0.02580011,-0.4153177,-0.4792023,-0.01763811,0.1662502,0.130653
"34","X34_o_.bam.txt","Group2","normal","cancer",-0.1425076,0.1567281,0.0910258,0.3369067,0.1784044,0.2684466,-0.3363983,0.3067568,-0.1012388,0.3335892,0.2223757,0.1548791,-0.3267224,-0.1464389,-0.3324396,0.2864873,-0.2349816,0.06285497,-0.1992059,0.1233329,0.2721039,0.1647112,-0.2700747,-0.3194431,0.2677243,0.05820508,-0.0139168,-0.07244441,0.09624221,-0.1557178,-0.03879471,0.09989859,0.06758042,0.09395441,-0.1184369,0.07775865,0.123748,-0.1797945,0.191095,0.09232166,0.2108876,0.1246976,-0.05970338,-0.7571932,0.01685615,-0.2398857,-0.1416123,-0.05480015,-0.3717055,0.04875061,0.4633363,0.2943972,0.3781736,0.1855303,0.1921476,-0.009766481,0.1307333,0.02867204,0.15027,0.2557329,0.1474179,0.4671096,0.3917496,0.209427,0.1170278,0.3384878,0.1668409,0.2831574,0.06002542,0.2612126,0.3322895,0.3214658,0.2114139,0.02047776,0.182644,-0.2756512,0.1672042,0.1013293,-0.292554,-0.3704347,0.05782354,-0.02221271,-0.5996297,-0.4667812,-0.5704493,-0.7303522,-0.09061922,-0.1219668,-0.3538244,-0.3015823,0.07227614,-0.2658075,-0.1380717,-0.167463,-0.07700523,-0.4666862,-0.1409435,-0.001807239,-0.1259886,0.1273181
"35","X35_o_.bam.txt","Group2","normal","cancer",-0.4565137234,0.291837342,0.1841617918,0.4103421457,0.3630684058,0.3605959576,-0.5272512527,0.4142523227,-0.3379557238,0.5071760324,0.368842619,0.2843863184,-0.4486158054,-0.6339588123,-0.4765098894,0.3818420735,-0.4316711127,0.339896275,-0.4847913794,0.3034142446,0.4319094157,0.2260042062,-0.5083395162,-0.370196594,0.4062977066,0.0159836783,0.0366660511,0.0054377079,-0.1202701649,-0.1362576289,-0.0281921469,-0.0970470706,0.2836394916,0.0172909025,-0.0649710393,-0.0570002623,0.0854390457,-0.3611060492,0.0062194821,-0.1165235483,-0.126910139,-0.3846643447,0.040018251,0.332086079,-0.1338950613,-0.185239956,0.0217036324,0.1554806001,0.0607777702,-0.0791475545,-0.0763029346,-0.0586221072,0.0599730915,-0.113030778,-0.0257632933,0.0205653546,0.201867308,-0.0170799427,-0.0304606609,0.0824744826,-0.0663717058,0.2490934161,0.1544498958,0.1077315986,-0.0020930554,-0.0724657006,0.0066281708,-0.0326610083,-0.0397253749,0.3532355325,-0.1282648974,0.1377062079,0.1616043409,0.2503842997,0.0167863051,-0.2412664808,0.2011706076,-0.5134635278,-0.2916399781,-0.2909951835,-0.3833998595,-0.3193757625,-0.5754368736,-0.450232387,-0.1453561333,-0.7331493865,-0.0580987433,-0.1086562323,-0.2750589061,-0.0954367469,-0.1252030491,-0.0383389303,-0.1424914607,-0.0638993833,-0.0037786574,-0.4483567985,-0.0622280595,-0.0760184484,-0.1929931428,0.0180096311
"36","X36_o_.bam.txt","Group2","normal","cancer",-0.3822749849,0.2517453687,0.1575509573,0.38513576,0.3668668853,0.2335915288,-0.4330749092,0.3372183955,-0.2479120543,0.5217800225,0.212569961,0.0976264709,-0.343597143,-0.5221819529,-0.3530302394,0.182977599,-0.3023007671,0.2526460386,-0.3792199483,0.2910244448,0.3731057707,0.152943205,-0.4226889779,-0.2588584248,0.3436553377,-0.0458062494,0.0235937149,-0.0073148108,-0.0824596026,-0.3040135433,-0.0916912723,-0.1905103012,0.2289519104,0.002026417,-0.2775371793,-0.1434269369,-0.0828992305,-0.131355044,0.0392166651,-0.1357227915,-0.1706750474,0.0099239166,0.011955417,0.3516175581,-0.1456911748,-0.3857376912,-0.0357793426,-0.1700928753,-0.1458782253,-0.0932669312,0.095009146,0.1093012852,0.1963694792,0.1474590632,0.0534032444,-0.0702446965,0.326708526,0.0480058257,0.0331583139,0.1499073303,0.1125616961,0.5448267644,0.1595085537,0.1764320886,-0.0678811414,0.1920107369,0.0956736615,0.1371899159,0.0335802943,0.2320368052,-0.0070135405,0.2675634045,0.0862365541,0.1761202341,0.4180643452,-0.2286076365,0.2874898786,-0.6612435956,-0.4029540107,-0.5108250775,-0.6080083491,-0.2575524287,-0.5685273299,-0.5817575866,-0.3168792159,-0.8312525837,-0.324749092,-0.2888884337,-0.3277561276,-0.4293520199,-0.268447048,-0.2212659757,-0.1971147832,-0.1798632289,-0.0543268459,-0.6951923786,-0.4045048746,-0.1801858225,-0.077587965,-0.2753826655
"37","X37_o_.bam.txt","Group2","normal","cancer",-0.2865838,0.2105535,0.1822083,0.2429638,0.29987,0.3042182,-0.3833184,0.3345365,-0.1811418,0.4944285,0.3190152,0.1682365,-0.3208062,-0.4001912,-0.3600187,0.302433,-0.3575586,0.1784986,-0.3257032,0.1835132,0.214864,0.1526514,-0.4609433,-0.3268511,0.4049916,0.2274875,-0.1357977,0.1577524,0.2536432,0.2063165,0.3480299,0.1194742,0.2787057,0.05839954,0.2931691,-0.1791555,-0.2515162,0.1338818,0.2264235,0.2455989,0.02169548,0.4246964,-0.1927905,0.2457521,0.1131708,0.1572624,0.2058511,0.4006125,0.1414314,0.3604983,0.1079464,0.2073821,0.523544,-0.2175318,-0.08996645,0.06096986,0.131248,-0.03737841,0.03817707,0.1568136,0.2227088,0.3524456,0.003398867,0.1533652,0.0809529,-0.00371436,-0.06026522,-0.01626251,0.08876406,0.1875333,0.1745839,0.2214977,0.129475,0.1668392,0.3307364,-0.1395719,0.1569197,-0.1616462,-0.4717914,-0.4340661,-0.4404247,-0.0419867,-0.8400302,-0.4927414,-0.06379967,-0.768334,-0.2850707,-0.0766666,-0.3115812,-0.3935392,-0.01362126,-0.3169996,-0.2155852,0.01729524,-0.08133025,-0.5138146,-0.4869587,0.003308452,-0.1353542,-0.00368549
"38","X38_o_.bam.txt","Group2","normal","cancer",-0.05738204,0.04163987,0.07866551,0.05277024,0.1360086,0.203774,-0.14657,0.246909,-0.05575992,0.3126214,0.2428527,0.0627452,0.05285752,-0.01341101,0.01643257,0.1859361,0.07713373,0.1119628,0.002157967,0.05533502,0.1339444,0.0249797,-0.2314938,-0.03202051,0.3580805,0.1948047,-0.1223897,0.2126016,0.2870852,0.06569417,0.06169841,0.04774403,0.2447579,0.07304527,0.4884697,-0.1700082,-0.2239585,0.4483058,0.09888589,-0.003083188,0.08234713,0.3549888,-0.1590961,-0.05526934,0.1308089,0.1129613,-0.01066723,0.4107474,0.1700832,0.3968018,-0.05650809,0.2103121,0.4683262,-0.1105477,-0.05514514,-0.01577285,-0.0573121,0.001006492,0.04480473,0.1146401,0.1925223,0.4683248,-0.02462008,0.1820339,0.06866929,0.03799622,-0.05013586,0.03905663,0.1024328,0.1643009,0.0209936,0.1655289,-0.02283392,0.1722956,0.4560498,-0.08154781,0.3704853,-0.1932521,-0.2182526,-0.6224871,-0.6118755,-0.1719344,-0.7223428,-0.4407368,-0.128867,-0.7429516,-0.1673676,-0.2163403,-0.2593272,-0.340702,-0.1540082,-0.349276,-0.2663888,-0.1173258,-0.1223345,-0.5902054,-0.6232504,-0.08819132,-0.3389952,-0.1620006
"39","X39_o_.bam.txt","Group2","normal","cancer",-0.4678221,0.2884085,0.2292218,0.3857618,0.3644086,0.4293641,-0.5184141,0.4315507,-0.3827349,0.497646,0.4447717,0.2902779,-0.5678801,-0.6113155,-0.593264,0.3765235,-0.504642,0.3394379,-0.5429776,0.2896652,0.4313152,0.2704637,-0.4901535,-0.4298335,0.5270046,0.2518355,0.02138983,0.1030734,0.09796246,0.03273191,0.09697696,0.06760451,0.1883866,-0.02131042,0.3161424,-0.1176318,-0.00868677,0.002365411,0.1170484,0.08286902,0.1695287,0.1146449,0.1133311,0.3831674,0.1129566,0.08926737,0.03387158,0.3579376,0.2295832,-0.06604749,0.1835195,0.06869407,0.1006983,0.09972758,0.02168487,0.05600496,0.03093722,0.012134,-0.03644033,0.04794094,0.1957098,0.2190083,0.01015277,0.1077871,0.09828539,0.07080303,-0.0006412606,-0.08996536,0.01310612,0.5057346,0.07107025,0.08367673,-0.007300552,0.2781718,0.3993307,-0.2736056,0.2947712,-0.1828762,-0.5156463,-0.2572366,-0.5116802,-0.3452587,-0.7724099,-0.06886284,-0.1989245,-0.08167297,-0.08959829,0.04130143,-0.1743524,-0.05807628,-0.3349609,-0.3778258,-0.2061352,-0.08685721,-0.07370972,0.1418108,-0.1524853,0.03597515,-0.01995782,-0.0983138
"40","X40_o_.bam.txt","Group2","normal","cancer",-0.3822928825,0.2284524444,0.1858620217,0.3238294064,0.2887454021,0.2854530793,-0.4429486301,0.4121980857,-0.3075153796,0.4819299336,0.2960973426,0.1096940573,-0.512654202,-0.4882722413,-0.5473218978,0.2392681615,-0.4706977407,0.2509968604,-0.4434948803,0.2023489547,0.3555054583,0.188170259,-0.3815759838,-0.3524392469,0.4274054588,0.1036666824,-0.0388180634,-0.1509938052,0.0990811854,-0.0148500985,0.070995008,-0.0735325265,-0.0140902179,-0.1120365905,0.1834193453,-0.191639478,-0.2021097076,-0.0405844918,0.0548753067,0.0046540078,0.0122911382,-0.0683437082,-0.0751342792,0.367830192,0.0068050671,-0.2248341761,0.0434047317,0.0324736358,-0.0296500579,0.0939397885,0.0834243555,0.0194191251,0.0760235185,0.0694885804,-0.0541780928,0.0631091241,0.036065845,-0.0149644884,-0.0709684794,0.0255539068,0.0833238187,0.0769094194,-0.0992282455,0.0582940082,-0.0279544907,0.1094099343,-0.0593571002,-0.0844024767,0.02814888,0.2181852776,0.0397831479,-0.0505240594,0.0262202808,0.2197777616,0.3449468959,-0.1617506327,0.3965085925,-0.2163265466,-0.5761045789,-0.2127195033,-0.6097112786,-0.2831286901,-0.8271023886,-0.4306394367,-0.1418559465,-0.4590303699,-0.1526034773,-0.0092537154,-0.4190545629,-0.2913711829,-0.282796119,-0.5614689211,-0.1612089157,-0.1079787947,-0.1110693186,-0.0251645877,-0.3687556175,-0.0328861444,-0.118102932,-0.2070682102
"41","X41_o_.bam.txt","Group3","treatment","healthy",-0.5040153,0.282624,0.1679344,0.3858754,0.3399234,0.3114311,-0.6031275,0.4477379,-0.3591915,0.4242843,0.30346,0.2649707,-0.621363,-0.6661913,-0.6502391,0.2102652,-0.6323146,0.2201001,-0.6408241,0.3340428,0.4363593,0.2434843,-0.5774643,-0.5147105,0.4196798,-0.1242977,0.1055915,-0.1743682,-0.05729107,-0.3334646,0.04038466,-0.160305,-0.2136266,-0.1315671,-0.1659459,-0.06755339,0.1541844,-0.3467527,-0.0282781,-0.07885479,0.03679181,-0.1487534,0.2128072,-0.4854149,-0.2175791,-0.3160054,-0.1001804,-0.4124398,-0.308398,-0.3634244,0.01358944,0.05213567,-0.268019,-0.05450599,-0.1073317,-0.2580188,-0.2865538,-0.03174972,-0.02937975,0.02801176,-0.2110665,0.09191116,-0.06121121,0.05063297,-0.1108301,0.01733808,0.00708479,-0.0770744,-0.06468983,0.3258368,-0.03945673,0.06543115,-0.1090514,-0.2738525,0.3607807,0.03927349,-0.08797044,0.05549144,0.03382122,0.08867744,0.09497527,-0.3430465,0.02141735,0.1513831,0.07587042,-0.358911,-0.0838434,0.01845514,0.03231694,-0.206368,0.08442901,-0.1415281,-0.09249974,0.03264275,-0.01785971,-0.4998242,0.005947514,0.0220402,-0.2482344,0.05000408
"42","X42_o_.bam.txt","Group3","treatment","healthy",0.282794,-0.12318,-0.1645339,-0.29585,-0.2569865,-0.3359792,0.3665581,-0.3298659,0.27358,-0.3836965,-0.3659895,-0.2379175,0.3420456,0.3892831,0.3480039,-0.3661942,0.3041914,-0.2504865,0.3828506,-0.1844415,-0.3117066,-0.1878408,0.3325173,0.2306129,-0.2993913,-0.03989736,-0.2794468,0.0915665,-0.08495175,0.3249246,0.01443608,-0.1076668,0.1804573,-0.07494139,-0.3272688,-0.08089414,-0.04496206,0.142942,-0.1412492,-0.1007725,-0.06059521,-0.08888008,-0.305789,0.2096258,-0.1376714,0.03877541,0.02329293,-0.2715619,-0.2726292,-0.1309183,-0.3402489,-0.1785787,-0.512714,0.007161805,-0.07274293,-0.1658568,-0.3604658,-0.06988468,-0.08030595,-0.1273456,-0.1862686,-0.3327491,-0.2326934,-0.07427414,-0.2216525,-0.1132144,-0.05576468,-0.1925228,-0.1049445,-0.02916592,-0.2944848,-0.2526254,-0.1653579,-0.1007332,-0.5592963,0.2302467,-0.3576083,0.5701172,0.5238449,0.4656611,0.2030959,0.4210993,0.6271816,0.5141719,0.1230341,0.3606225,0.2469691,0.1139401,0.1675537,0.0499574,0.4430935,0.3224637,0.1016085,-0.0229362,0.1187344,0.130423,0.3001164,0.01965385,0.2143862,-0.02496722
"43","X43_o_.bam.txt","Group3","treatment","healthy",0.4658528732,-0.276992869,-0.2370003233,-0.3888581827,-0.4061632848,-0.3695714912,0.5241643754,-0.4344101226,0.3894860651,-0.4959729706,-0.3850766757,-0.2511579601,0.4841789348,0.6102806897,0.4726242463,-0.4335826838,0.4715836737,-0.3023652755,0.536447202,-0.2880109131,-0.4206151452,-0.3030291402,0.5655099954,0.3842575528,-0.451874907,-0.3408355707,0.0219302649,-0.1951198288,-0.2793125472,-0.3726705999,-0.3856948841,-0.3113749015,-0.3779317611,-0.2177913009,-0.3725642321,0.0701579833,0.2872252883,-0.1554407223,-0.2644547617,-0.2282775448,-0.2375057022,-0.4759827985,-0.0259140653,-0.2190347183,-0.3527675792,-0.4397363668,-0.1839365312,-0.3861820978,-0.3807325762,-0.4110745061,0.0054110761,0.0015232475,-0.4056439132,-0.1042899685,0.0534917254,-0.1059469018,0.0676972589,0.0078844752,-0.0675104876,-0.0580165267,-0.031782793,-0.1224300979,-0.0296512188,-0.1426849004,-0.0305209845,0.0807270646,0.0003218111,0.0621831137,-0.0560090287,-0.1239049347,-0.1753403669,-0.1494391036,-0.193792808,0.0098553333,0.0515165969,0.0883028951,0.191464951,-0.2657543846,0.4426068572,0.0413938788,-0.0275947223,-0.0083238989,0.8269013955,0.6241105467,-0.1937453668,-0.3399244096,0.0712572173,-0.0773805184,0.3296329867,-0.0849752482,-0.2514164444,-0.0060087686,0.040464101,-0.2564921658,0.0584789054,-0.3269429044,0.1785885065,0.0096518924,-0.0196304887,-0.1625126982
"44","X44_o_.bam.txt","Group3","treatment","healthy",0.2082028,-0.1836018,-0.1383814,-0.2264107,-0.2206668,-0.2633329,0.3637004,-0.2656826,0.2904281,-0.353827,-0.2485668,-0.1804686,0.2525787,0.1327919,0.2998554,-0.2904274,0.2935444,-0.2747735,0.2953227,-0.190502,-0.1807826,-0.147034,0.3258004,0.1822366,-0.3217854,-0.1394729,-0.09670455,-0.02172333,-0.0578636,-0.03848311,-0.07838459,-0.0263606,-0.1995834,-0.03686423,8.57194e-05,0.01773334,0.0941089,0.1036401,-0.0571743,0.04862318,0.2817794,0.008683427,-0.1564747,0.4217174,0.08595061,0.2363183,0.04340097,0.1303056,0.2455124,-0.04052419,-0.06159016,-0.1608911,-0.48054,-0.3434617,-0.03837075,-0.07851261,0.2996594,0.09341101,-0.1354045,-0.0346039,-0.07182388,-0.5067274,0.1853759,-0.07756701,0.004860477,-0.3075506,-0.05024489,-0.1026044,-0.07619836,-0.3505751,0.03846601,-0.1048191,0.04350358,-0.08846317,-0.4796728,0.2950359,-0.4755866,0.5441957,0.3269212,0.5404058,0.3892714,0.5140869,0.4621902,0.3285623,0.1345944,-0.1635562,0.3633672,0.08105775,0.1158065,-0.02737412,0.3840669,0.1205477,0.1859287,0.03422827,-0.02630255,-0.009112874,0.2061695,0.1674164,-0.03113258,0.1985053
"45","X45_o_.bam.txt","Group3","treatment","healthy",0.3263875,-0.2226163,-0.1827028,-0.3521162,-0.2654154,-0.3228938,0.4208974,-0.37555,0.2918699,-0.4386846,-0.3262137,-0.293708,0.4310274,0.3877051,0.448991,-0.3207328,0.3851187,-0.3163863,0.4093544,-0.2713434,-0.3753181,-0.2111944,0.4362575,0.3090612,-0.4456737,-0.01884595,-0.004111911,0.2548345,0.009844331,-0.1186684,-0.09483351,0.003062179,0.1477767,0.05028954,-0.08895335,-0.1108138,0.02389004,-0.07650091,-0.07594081,-0.01585212,0.03878946,-0.3816607,0.01960436,-0.2316234,-0.01923039,-0.1207988,-0.04861313,-0.1308878,-0.09812638,0.0334388,-0.2686307,-0.0352026,-0.5323516,0.09706134,0.1164846,-0.1431365,-0.2258551,-0.03773752,0.034346,-0.07329763,-0.02700632,-0.427116,0.0210473,-0.06073251,-0.1097684,-0.08794898,0.06700804,-0.05573022,-0.04535556,-0.03171471,-0.01455598,-0.1138034,-0.06461611,0.05521376,-0.3006604,0.4299524,-0.4309615,0.5909405,0.7106839,0.2524166,0.5529784,0.5438761,0.7594444,0.612563,0.4284905,0.9491379,0.1956438,0.1721487,0.2420831,0.4363899,0.2808989,0.637847,0.2053395,0.05398859,0.09473186,0.7783953,0.4594741,-0.0001124632,0.1748977,-0.03475326
"46","X46_o_.bam.txt","Group3","treatment","healthy",0.3013267,-0.2145254,-0.1169725,-0.3052713,-0.2883326,-0.2427553,0.315106,-0.3165683,0.2934926,-0.3606447,-0.2817891,-0.08009918,0.1674125,0.3966049,0.2217585,-0.1661609,0.1419442,-0.2379839,0.1803757,-0.2172669,-0.3540123,-0.1426782,0.3334474,0.1999143,-0.2437288,-0.08845109,0.1435381,-0.215033,-0.301082,-0.1584772,-0.2044107,-0.1474383,-0.3140855,0.01279681,-0.2789638,0.1611731,0.1465148,-0.1571048,-0.1983954,-0.1885088,-0.1733588,-0.5172836,0.2456715,-0.4998605,-0.09296682,-0.2575062,-0.3020851,-0.3008969,-0.1264207,-0.3029296,0.4550989,0.03418325,0.1513663,0.175439,0.2033394,0.03848222,0.2470478,0.0415157,0.173919,0.07743682,-0.0185869,-0.004793041,0.1609009,-0.06168886,0.1488996,0.05742496,0.1356052,0.2537538,0.02160968,0.3597147,0.1284225,0.1487896,0.2314895,0.004511028,0.3891362,0.1393913,-0.024454,0.2701629,0.6850253,0.530405,0.4079143,0.2127987,0.817348,0.4507185,0.3264351,0.2748905,-0.07348899,0.04236098,0.2169193,0.4588647,-0.004918348,0.3956957,0.2796532,0.09272438,0.04651795,0.06791398,0.2069853,0.03556274,0.04034468,-0.03982144
"47","X47_o_.bam.txt","Group3","treatment","healthy",0.3405691,-0.2081986,-0.1960264,-0.2438528,-0.2339071,-0.06176737,0.4319757,-0.3711096,0.3173944,-0.2685268,-0.08624629,-0.04360722,0.3596659,0.4605315,0.1889062,-0.1913786,0.3705415,-0.1023906,0.3830234,-0.2945051,-0.3598978,-0.08247994,0.4741563,0.3513071,-0.2123629,-0.0378506,0.06840992,-0.09981002,-0.0008121152,0.1930673,0.04783277,0.06562734,-0.1555609,0.1846988,0.2381912,0.1171604,-0.1080983,-0.0461826,0.3088883,0.1617818,0.03815236,-0.391767,0.1207915,0.5284227,0.2539799,-0.02491167,-0.3083153,0.174397,0.1691599,0.2250433,0.5996855,0.353193,0.7741838,0.3892638,0.3379654,0.2766394,0.7193809,0.1746919,0.2014687,0.1814102,0.3085338,0.4402506,0.3150847,0.2833039,0.2904612,0.2721622,0.2302669,0.4266384,0.1830737,0.5497651,0.6114127,0.3284941,0.2786373,0.2694701,0.686615,0.1323342,-0.06997352,0.2538147,0.4260606,0.329272,-0.1577159,0.2830898,0.6793997,0.3868671,0.4863581,0.4680446,0.2967481,0.004290791,0.03896107,0.3143189,0.2588258,-0.2876295,0.1845262,0.08748061,-0.07341653,0.2576535,0.2394749,-0.02543715,0.00340072,0.1180779
"48","X48_o_.bam.txt","Group3","treatment","healthy",0.3549432,-0.2268628,-0.1920385,-0.3923855,-0.2259394,-0.3264633,0.4792857,-0.3727889,0.2954407,-0.3178339,-0.3529149,-0.2923125,0.4841266,0.457641,0.4975561,-0.3693688,0.463074,-0.2755055,0.4587678,-0.2040652,-0.4565944,-0.2763995,0.4710485,0.376006,-0.3595607,-0.04851698,-0.05613144,0.06959865,0.09111609,0.07612186,0.03960741,0.02262922,0.1546069,0.01425607,-0.09807448,-0.0181519,-0.03220532,-0.01017191,0.07850861,0.2236868,0.08985532,-0.02064988,-0.08094412,0.411793,0.004345269,-0.06328877,0.1491255,-0.1614886,0.07765624,0.2231451,-0.07764037,0.02980219,-0.4028434,-0.1478875,0.03868297,-0.1134764,0.1423608,-0.0390815,-0.00227768,-0.03047658,0.03209608,-0.01466969,0.08882184,-0.06376337,-0.1496216,-0.06600038,-0.002293311,0.0505407,0.04909843,-0.09528936,0.2555853,-0.06135934,0.1010397,-0.04331508,-0.2328895,0.2649034,-0.2766479,0.4045082,0.2386824,0.2399114,0.3116495,0.2866114,0.6180841,0.4055637,0.2201923,0.2590712,0.2096372,0.04162446,0.116902,0.08270231,-0.190671,0.3721885,0.2169185,-0.07673629,0.0316047,0.2475423,0.3346472,-0.01105215,0.08470453,0.005751631
"49","X49_o_.bam.txt","Group3","treatment","healthy",0.2915571,-0.183676,-0.1444131,-0.3495592,-0.255079,-0.3377785,0.4018306,-0.3156787,0.2635512,-0.337829,-0.3562082,-0.2524231,0.4624961,0.3896812,0.4497472,-0.3244454,0.3559153,-0.2916356,0.4390275,-0.2186541,-0.3513207,-0.2222147,0.4123352,0.3070731,-0.3335216,0.1353,-0.1680912,0.2235211,0.09321195,0.1799095,0.09713023,0.0332501,0.1121911,-0.003185806,-0.07938994,-0.119632,-0.134024,0.02649018,0.03906853,0.1024155,0.1241036,-0.1596385,-0.1055736,0.5475938,-0.04687617,0.05509845,0.1350141,-0.1490235,0.1675541,0.0501456,-0.192342,-0.08566698,-0.5856238,-0.02328352,-0.009562592,-0.112584,0.09680553,-0.03757655,-0.00947653,-0.08139386,-0.07649031,-0.08433174,0.005649676,-0.08238839,-0.1532344,-0.04066002,-0.04671599,-0.07987565,-0.07495885,-0.006834957,-0.1879665,-0.1058176,0.1071634,-0.06293785,0.1064477,0.1832865,-0.5354641,0.1085075,0.1858777,0.3614702,0.4192683,0.4930758,0.7152924,0.4905127,0.1029671,0.273578,0.2810841,0.08515322,0.162463,0.200123,0.07027034,0.399647,0.1554578,0.06759325,0.09727102,0.4091684,0.3408249,0.1017703,0.1161297,0.06353441
"50","X50_o_.bam.txt","Group3","treatment","healthy",0.4496918,-0.2854756,-0.2582185,-0.3978625,-0.3728826,-0.3096874,0.5033575,-0.4437954,0.3783188,-0.4420258,-0.3547376,-0.2911331,0.4965785,0.6016054,0.5139224,-0.3765765,0.4744072,-0.2664226,0.5558198,-0.295389,-0.469069,-0.2830035,0.5703498,0.4450514,-0.4797606,-0.1752951,0.04216636,-0.03030897,-0.1548961,-0.08598488,-0.07961217,-0.1747677,-0.09917589,-0.09138521,-0.2991688,-0.04210963,0.3549225,-0.1067842,-0.02750596,-0.04734427,0.102282,-0.06651056,0.05888212,0.2656507,-0.1563845,-0.4510319,-0.1802171,-0.2713532,-0.1080992,-0.08632954,0.2472757,0.1142962,0.08366026,0.0818969,0.1868211,-0.03025034,0.5134879,0.07843594,0.09844651,-0.006013009,0.002821221,-0.1493218,0.1819419,-0.06365139,-0.05496592,0.2309249,0.08493967,0.1915591,-0.001062921,0.2696688,0.03924722,0.07580034,0.2114849,0.08394485,0.118709,-0.05359626,-0.2973816,-0.09117306,0.21742,0.3568031,0.1605868,0.01195371,0.8546,0.4633326,0.1146729,0.09656883,-0.03805094,-0.06601727,0.2149044,0.03955964,-0.1692256,0.1546651,0.1680521,-0.1972742,0.05774048,0.1337248,-0.1647689,-0.02680589,-0.0793097,-0.02951593
"51","X51_o_.bam.txt","Group3","treatment","healthy",-0.2102255,0.03863952,0.02261597,0.2183989,0.1918325,0.02613335,-0.2802617,0.0528085,-0.02387381,0.2372525,-0.0173512,0.07126523,-0.3243084,-0.2263691,-0.3357644,0.09675344,-0.3020844,0.1021404,-0.305509,0.1326636,0.1723524,0.1046217,-0.05325758,-0.115498,0.1458361,-0.1728152,0.2369738,0.02406311,-0.1917903,-0.1027637,-0.1539393,-0.149193,-0.3377747,0.08368078,-0.3886106,0.243767,0.2395371,-0.384856,-0.08585708,-0.06310332,-0.04981051,-0.04578135,0.295387,-0.08311877,-0.08554824,-0.3716867,-0.3281252,-0.3847583,-0.237652,-0.1415793,0.5254597,0.1927757,0.3851497,0.5014916,0.2418119,0.1603661,0.6668033,0.07778187,0.2637603,0.1565632,0.2026051,0.5665373,0.1620265,0.2136675,0.127679,0.3820741,0.1584474,0.3494652,0.0789278,0.5127358,0.4482202,0.2935696,0.3771806,0.2419445,0.6667193,0.06842557,-0.06935345,0.5821009,0.2289995,0.1109733,0.2595566,0.1673211,0.5518068,0.3343006,0.4965092,0.7846272,0.1742499,0.06486678,0.114067,0.01291711,0.4647053,-0.1677599,0.08718539,-0.007655691,0.09005359,0.5989049,0.285837,0.172823,0.1473248,-0.08139974
"52","X52_o_.bam.txt","Group3","treatment","healthy",-0.1251696,0.04231759,0.06904336,0.1867133,0.1792875,0.1003677,-0.1005342,0.1349862,0.04799838,0.1599889,0.1385655,0.1392889,-0.2846246,-0.07220239,-0.3202159,0.2210487,-0.2003577,0.1086458,-0.2960753,0.07722197,0.07640444,0.1220337,-0.02895172,-0.05312411,0.132257,-0.2577272,0.1683347,0.05181923,-0.2062283,0.1615689,0.04956551,0.0002329853,-0.177641,0.06151524,-0.3615901,0.1598741,0.06747676,-0.2101017,-0.09762883,-0.04751017,-0.02379383,-0.3516393,0.2355723,-0.002771509,-0.1141294,-0.1744186,-0.1958983,0.1555459,0.05143485,-0.07198398,0.353625,0.03709176,0.1553905,0.3180014,0.03817932,0.2900882,0.5452203,-0.0272191,0.1449295,0.06947475,-0.0633731,-0.02316607,0.06069145,0.0375187,0.08738589,0.2023377,-0.00235578,0.1000239,-0.04494991,-0.002900108,0.04317816,0.05013892,0.2209953,0.0491899,0.2152799,0.05861644,-0.1769602,0.2420468,0.06972136,-0.01492425,0.3066901,0.3306642,0.5885909,0.1700979,0.4954584,0.6487461,-0.0003060674,0.06419994,0.1231292,0.3867218,0.5322838,-0.02114787,0.1643396,0.09147102,0.06239526,0.4386089,0.4300301,0.1033513,0.2610205,0.08318227
"53","X53_o_.bam.txt","Group3","treatment","healthy",-0.1388016,0.05154492,0.1034611,0.255281,0.2160135,0.1833836,-0.2666361,0.2012794,-0.1213245,0.1443702,0.1949657,0.1699341,-0.2196889,-0.1929086,-0.1408028,0.2289223,-0.1702464,0.08765941,-0.008716999,0.09526866,0.162956,0.1676057,0.05873991,-0.2578931,0.1930001,-0.2367089,0.416791,-0.07578425,-0.1823736,-0.3132286,-0.1837615,-0.07061868,-0.4190889,-0.1437406,-0.1266299,0.3698073,0.3470277,-0.3312554,-0.07143549,-0.1749785,-0.3020587,-0.6716675,0.4408859,-0.6264173,-0.1179441,-0.3064471,-0.290835,-0.2419478,-0.2597142,-0.1782525,0.4551422,0.1410196,-0.09714925,0.02603081,0.2217324,0.1277721,0.3062757,0.02416046,0.06108176,0.2671919,0.05155058,0.002258708,0.2868564,0.1664854,0.2169206,-0.04018805,0.2321067,0.2883855,0.1462873,0.3424436,0.1317675,0.07344568,0.1383299,0.04971404,0.3768078,0.1213332,-0.421477,0.5810139,0.7638794,0.2564967,0.2911012,0.2666915,0.7414513,0.3557348,0.1855241,0.6467757,0.280067,0.1248185,0.08584667,0.2097241,0.4778929,0.2459963,0.2236189,0.26863,-0.112659,0.4863591,0.4099057,0.05493914,0.1069854,0.2214973
"54","X54_o_.bam.txt","Group3","treatment","healthy",0.4653287,-0.2855129,-0.2385242,-0.361786,-0.3145901,-0.3271571,0.5320532,-0.4121842,0.3419504,-0.4577092,-0.3602157,-0.1987964,0.4962906,0.5940222,0.5455639,-0.3704678,0.4263339,-0.2812133,0.5223036,-0.2777485,-0.3522514,-0.2145915,0.5904949,0.3267445,-0.458695,-0.2623398,0.362132,-0.003252161,0.02255479,-0.01123578,-0.3692983,-0.1284055,-0.1983196,0.02549029,-0.155073,0.3272637,0.2043482,-0.1382325,0.007878014,-0.09964944,-0.20509,-0.07477166,0.3882442,-0.5209144,-0.05076135,-0.2416548,-0.1480264,-0.378576,0.09550285,-0.04604763,0.4014071,0.1984849,0.3404642,0.1496419,0.3394512,0.1326632,0.5251826,0.1472817,0.09644985,0.1077956,0.2130069,0.2136426,0.1215392,0.1346129,0.168752,0.217356,0.2611417,0.3764071,0.1542071,-0.177978,0.2717782,0.147201,0.2560111,0.06948493,0.1120857,0.1648539,-0.2884099,0.6031103,0.6406883,0.02398082,0.3838607,0.1149154,0.7404361,0.4135077,0.02392346,0.8179124,0.5056562,-0.01465678,0.1238591,0.1992732,-0.03109322,0.2825764,0.1871376,0.09862249,-0.06573009,0.602876,0.1245157,0.04738884,0.1441186,0.1861619
"55","X55_o_.bam.txt","Group3","treatment","healthy",-0.3418614,0.08512681,0.1095795,0.3227434,0.2380396,0.2063383,-0.4260721,0.2827992,-0.1610267,0.2164712,0.220814,0.1912021,-0.3660298,-0.4180877,-0.3227158,0.2547278,-0.3119852,0.1176258,-0.3131438,0.246193,0.3588759,0.2060459,-0.3577907,-0.2290436,0.3127691,-0.3305125,0.3118551,-0.1511336,-0.1798264,-0.4279493,-0.2117331,-0.1369508,-0.4939287,-0.2342356,-0.38949,0.2895017,0.5379428,-0.4573048,-0.2445938,-0.2957284,-0.4691256,-0.352686,0.3404753,-0.6713305,-0.2092453,-0.2143069,-0.2829326,-0.2114403,-0.4032554,-0.2740284,0.005144051,-0.03260047,0.07600655,-0.03106522,-0.03545726,0.06285665,0.2450197,0.02590491,-0.1616105,-0.02959824,-0.1644154,-0.2867592,-0.1530126,-0.06065401,0.0383472,0.03821427,-0.03275993,-0.1981077,-0.03943159,0.3349306,-0.3888561,-0.2866096,-0.05633096,-0.1574474,-0.1539376,0.3461602,-0.13235,0.2917238,0.5558536,0.2512263,0.5847438,0.01977689,0.5808991,-0.1196654,0.319664,0.8118187,0.06045383,0.2012794,0.1203163,0.01054805,0.5568054,0.4313231,0.0954317,0.1297263,0.08246214,0.1130776,-0.07451508,0.1472173,0.04462231,0.244417
"56","X56_o_.bam.txt","Group3","treatment","healthy",0.4813099421,-0.2896360983,-0.2225363764,-0.3197100171,-0.2827015585,-0.342963915,0.5336671113,-0.3323392318,0.3605632805,-0.4266223996,-0.3916802003,-0.2597881003,0.6023592532,0.6329635878,0.6338972846,-0.3730206964,0.5172951642,-0.3089891974,0.6272439988,-0.2236799971,-0.3618904009,-0.2654669192,0.5786952053,0.4467307007,-0.3632362535,-0.362057766,0.2172247522,-0.0646408019,-0.13229394,-0.266416739,-0.2752964255,-0.175463155,-0.0535418736,-0.1878795451,-0.324384589,0.2005067385,0.1326119692,-0.1580241746,-0.1907972951,-0.139260465,-0.3249946275,-0.0418751471,0.2395844748,-0.3523807027,-0.2629429552,-0.3619682468,-0.1812821842,-0.1976474119,-0.2948054376,-0.2011987855,-0.0456371678,0.0409695104,-0.3738324864,0.1537740654,0.0991322416,0.0087129141,0.1457523368,0.0284608938,-0.0574454166,0.0203960247,-0.1740770189,-0.3803176069,-0.2129960846,-0.0297857197,-0.0278230753,0.2395943495,0.0841634739,0.198380431,-0.0137809846,0.1898684538,-0.0552889419,-0.1586697382,0.0350034045,-0.0580021618,-0.3465980072,0.2002464396,-0.0318899414,-0.1606312885,0.5661741004,0.3280153675,0.5543900998,0.0075801165,0.7408275369,-0.0337932206,0.4052352958,-0.0127121097,-0.0083294656,0.0104091876,0.2064858156,0.0172741437,-0.0222730808,0.3720284558,0.2208052163,-0.179986304,0.0168228025,-0.1359469889,-0.0397920184,0.0479275857,0.0071453788,-0.068740778
"57","X57_o_.bam.txt","Group3","treatment","healthy",-0.3624822,0.1869194,0.1069885,0.1775818,0.1991119,0.1544325,-0.4653533,0.2778852,-0.09427718,0.2589221,0.1625292,0.1732759,-0.3888945,-0.4158612,-0.4210129,0.2090885,-0.3653209,0.08826464,-0.3616174,0.09417353,0.2767788,0.1267023,-0.4170893,-0.3591528,0.3439427,-0.2504453,0.2244877,-0.153818,-0.2722449,-0.446995,-0.02014296,-0.1816274,-0.3790792,-0.1370071,-0.4268927,0.1353161,0.07624403,-0.4710258,-0.1569173,-0.2516262,-0.4227011,-0.6369605,0.2520588,-0.5876352,-0.2717389,-0.4142957,-0.2357378,-0.3908142,-0.2128556,-0.3499369,-0.124673,-0.1459228,0.03076414,-0.1534811,-0.1558109,0.0362322,-0.1411842,-0.1961417,-0.061281,-0.05460679,-0.3374239,-0.3864586,-0.1042125,-0.126228,-0.2113001,-0.02295792,-0.08968593,0.01593233,-0.1365198,-0.1040021,-0.4214683,-0.1866618,-0.03900814,-0.2215927,0.2910463,0.05164278,-0.2486486,0.6236343,0.4573403,0.2013847,0.1430088,0.1090469,0.4829059,-0.1451202,0.5279747,0.8008069,0.04800546,0.03285401,0.1719441,0.1885007,0.3797611,0.15756,0.02153659,0.21621,0.01012452,0.3129119,0.05074332,0.1042523,0.04668931,0.1181744
"58","X58_o_.bam.txt","Group3","treatment","healthy",-0.1263175,0.09010035,0.03460441,0.1270788,0.08343783,-0.04656708,-0.3370492,0.1510462,0.01476278,0.07375078,-0.0821699,0.01541417,-0.1154494,-0.1355849,-0.06851904,0.09946683,-0.08437127,-0.05359774,0.06876698,0.0393602,0.1059323,0.02027507,-0.1410732,-0.03333938,0.1063813,-0.3000074,0.3260086,-0.3963708,-0.1944821,-0.6246894,-0.2969949,-0.2594076,-0.4910976,-0.2949229,-0.4547122,0.2661552,0.3698535,-0.5470627,-0.3015961,-0.3585376,-0.5441926,-0.561611,0.4218228,-0.7158574,-0.3667119,-0.4761384,-0.3993868,-0.4967717,-0.3516531,-0.3387002,0.05397802,-0.1392794,-0.04540259,0.1821076,-0.02067774,-0.01881034,0.341495,-0.06016405,-0.1298317,-0.05258117,-0.1973287,-0.1832825,0.05185084,-0.1398798,-0.1223222,0.07756752,0.03004253,-0.07152958,-0.1036029,-0.2290853,-0.1120016,-0.2265706,0.06804994,-0.1654125,0.5517522,0.106802,0.2374853,0.3114268,0.2765096,0.2119963,0.3756362,-0.1357231,0.7560276,-0.04337674,0.5070795,0.8900061,-0.01151828,0.009722594,0.1621296,0.176742,0.1407866,0.1180296,0.08880147,0.05448898,0.02878622,0.7164585,-0.1445499,0.1017011,-0.07159627,-0.01346969
"59","X59_o_.bam.txt","Group3","treatment","healthy",-0.4217423,0.2399068,0.2313794,0.3560235,0.3005167,0.2848722,-0.5639199,0.483109,-0.3508512,0.3189115,0.2914163,0.290505,-0.4162082,-0.5356957,-0.4057113,0.2473426,-0.4426906,0.1647058,-0.3528863,0.2522868,0.4437021,0.1949793,-0.4632092,-0.3659198,0.4807272,-0.3275487,0.1626482,-0.2955069,-0.1995466,-0.5031183,-0.2181386,-0.1848204,-0.482522,-0.2872318,-0.2215831,0.1452649,0.4660925,-0.3855859,-0.2437122,-0.386073,-0.2952319,-0.5185384,0.300458,-0.6533594,-0.2653193,-0.2789859,-0.07570424,-0.3931604,-0.5128712,-0.2806414,-0.3357523,-0.2442793,-0.1412964,-0.1824215,-0.2184378,-0.07384967,-0.459382,-0.05821003,-0.1696664,-0.02948681,-0.2538519,-0.3748835,-0.1503731,-0.2463836,-0.09943603,-0.1567521,-0.1566478,-0.3423084,-0.1253674,-0.3238372,-0.2097353,-0.327504,-0.2319159,-0.1483771,0.145088,0.1089327,0.07267542,0.4398894,-0.004153642,0.3951498,0.3167477,-0.1080786,0.4806256,-0.1326936,0.2500162,0.4833543,0.1504549,0.08421952,-0.009578546,-0.009901893,0.4621507,0.3129355,-0.2060156,0.1201624,0.09080992,0.1090543,0.07467028,0.1212674,-0.1421599,0.1259754
"60","X60_o_.bam.txt","Group3","treatment","healthy",0.2354728,-0.1781721,-0.06488152,-0.2727508,-0.1576401,-0.2108872,0.07759867,-0.06369718,0.1640086,-0.260159,-0.2374328,-0.1304146,0.2031807,0.3862743,0.3387086,-0.1847894,0.3369437,-0.2147454,0.4359787,-0.1087682,-0.1755631,-0.2317743,0.271308,0.1059931,-0.03578608,-0.3994124,0.1844322,-0.4438215,-0.2777771,-0.5717082,-0.3272859,-0.3459407,-0.5357988,-0.3182005,-0.5777109,0.2505304,0.5183089,-0.4120332,-0.3146181,-0.3977975,-0.5055719,-0.524242,0.3788164,-0.6746602,-0.4100394,-0.4551799,-0.3741705,-0.5867599,-0.587019,-0.2804647,-0.1267094,-0.1599657,-0.5612549,-0.2190645,-0.09086175,-0.05951778,-0.2884165,-0.07913745,-0.1872379,-0.0188179,-0.2466779,-0.3104356,-0.1267515,-0.1955095,-0.1330926,-0.08071477,-0.09915233,-0.04618532,-0.1002694,-0.3893737,-0.2999633,-0.309301,0.007902181,-0.2505914,-0.121135,0.01401361,-0.1306117,0.5368093,0.07357882,-0.1361106,0.1229663,-0.1626117,0.820392,-0.05279575,0.5375381,0.06087915,0.1599119,-0.1406759,0.09264121,-0.1115129,-0.08583478,-0.09602169,-0.07004163,0.04699182,0.032148,-0.2165321,-0.09784549,0.1296121,-0.25602,-0.01592534
"61","X61_o_.bam.txt","Group4","treatment","cancer",0.4204156,-0.2340747,-0.2302103,-0.3223174,-0.3521541,-0.3109808,0.484777,-0.4380195,0.3275839,-0.4616159,-0.3207696,-0.2502466,0.5189531,0.5127784,0.5673794,-0.1713484,0.5505769,-0.1634763,0.5682253,-0.3172446,-0.4279462,-0.1281629,0.5114441,0.4701827,-0.335118,0.1946377,0.05524903,0.1928746,0.2502133,0.4274757,-0.09343367,0.1385635,0.003916718,0.2284392,0.4199084,0.1242391,-0.2190356,0.3059156,0.1483047,0.2699601,0.5122913,-0.002829693,0.1009325,0.5114542,0.2587652,-0.1239413,-0.1721567,0.2966946,0.2523069,0.272468,0.4927301,0.2818851,0.7805193,0.2989997,0.2880661,0.2892615,0.7497245,0.2295241,0.1834113,0.06897188,0.3508577,0.2264853,0.1447725,0.1862708,0.3002839,0.2112033,0.1416721,0.3336382,0.2348648,0.5096035,0.3194214,0.1317856,0.1458386,0.3594526,0.686156,0.2738785,0.02853199,0.3564837,0.656469,-0.1178727,-0.1671859,0.4047486,0.7589354,0.7845215,0.197973,0.9227643,0.1782018,0.1366695,0.2439545,0.4059541,0.02043932,0.02122673,0.1410264,0.1421784,0.01299628,0.5397958,-0.02548355,-0.01710925,0.2144404,-0.04082911
"62","X62_o_.bam.txt","Group4","treatment","cancer",-0.2220754,0.05249083,0.07368572,0.06339592,0.080281,0.01392123,-0.1535699,0.187038,-0.1011687,0.02540768,0.07049891,0.1395255,-0.05645569,-0.3567858,-0.09979385,0.05397257,-0.1739071,0.1513286,-0.2215027,0.02446667,0.1034426,0.1467492,-0.2526365,-0.129799,0.1228986,0.1400246,-0.2695433,0.3134939,0.2035754,0.3894713,0.2501448,0.1586838,-0.086169,0.09150355,-0.2125272,-0.01051793,0.1712376,0.4259029,0.0224367,0.2331296,0.2990152,-0.02048124,-0.2833429,0.6194631,0.1124734,0.4016106,0.1565542,0.4850257,0.07881698,0.1537238,-0.1158484,-0.1475508,-0.5536824,0.01250938,-0.0752526,-0.03575634,-0.527444,0.02604711,-0.1020701,-0.07793589,0.06502621,-0.4375865,-0.2004235,-0.08670563,0.03026225,-0.04435048,-0.07417488,-0.06694208,0.05575979,0.2008698,-0.02454053,-0.138278,-0.2606631,0.00833371,-0.3772909,0.06054154,-0.3403982,0.2128088,0.2453485,0.3716938,0.332173,0.1459071,0.08510649,0.4235974,0.4027107,-0.710275,0.4048962,0.1483906,0.2354083,0.2138895,0.1704785,0.4164367,-0.01232597,0.3163899,-0.02719787,0.1308389,-0.01321781,0.005765777,0.2370566,0.2752625
"63","X63_o_.bam.txt","Group4","treatment","cancer",-0.5063445,0.3086589,0.2247297,0.4059715,0.419128,0.3991038,-0.6043334,0.4731591,-0.3873109,0.5323535,0.3923856,0.2852981,-0.5673225,-0.679999,-0.5940227,0.41721,-0.5554639,0.2921641,-0.6077457,0.3449033,0.3927439,0.3102838,-0.6035012,-0.4289874,0.5167342,0.00509909,-0.06653287,0.0596571,0.2723456,-0.131756,0.1029711,0.1062418,0.1228966,0.08623912,0.1606497,-0.1378546,-0.07759806,-0.2099034,0.231066,0.09132801,-0.1003952,0.007855915,-0.02941366,0.06594828,0.09026065,-0.06033444,0.04036158,-0.1027794,0.04544839,0.08814595,0.4108793,0.1647956,0.8426753,0.1388277,0.1059529,-0.02258972,0.5987817,0.01487425,0.06486749,0.1592121,0.1539588,0.347322,0.2568663,0.1428513,-0.03957828,0.08651355,0.1397593,0.07788247,0.07954402,0.2979305,0.1515062,0.3733967,0.1591182,0.03346556,0.7505704,-0.2516674,-0.05050809,0.264949,-0.1737369,-0.04209047,-0.237149,-0.2047038,-0.3462071,-0.1379864,0.2274325,0.04282761,-0.2530625,-0.03596747,-0.1450092,-0.04520651,-0.001004904,-0.3342872,-0.1070023,0.1069944,0.03467953,-0.01902084,-0.05322155,0.04609894,-0.0567239,-0.13186
"64","X64_o_.bam.txt","Group4","treatment","cancer",-0.242658,0.0996659,0.1122172,0.1735385,0.1601915,0.2291061,-0.2421011,0.1801431,-0.1639948,0.1178488,0.2258031,0.2131028,-0.07484455,-0.3482411,-0.04196449,0.1577712,-0.2173212,0.1814788,-0.1171642,0.04925582,0.1826453,0.1971949,-0.3002518,-0.1648882,0.07882244,0.2264877,-0.2680233,0.2519024,-0.1309843,0.4139952,-0.05741544,0.1439284,0.2087008,-0.00253077,0.374839,-0.1311247,0.02504078,0.3534177,0.08698566,-0.1714533,0.3947044,-0.0259029,-0.2175119,0.6128089,0.1860733,0.4788227,0.02253657,0.2424915,0.468152,-0.04699867,0.05553569,-0.07249977,0.006037049,-0.02026501,-0.1510001,0.0404237,0.1224404,0.007911036,0.004706186,-0.06044849,-0.05387211,-0.3491836,0.09426712,-0.02678694,0.002250516,-0.0360469,-0.04719348,0.02702701,0.0001473797,0.1207506,0.253125,0.03156862,-0.1471847,-0.187299,0.2168302,0.1012835,0.05360733,0.3933083,-0.1606595,0.3323035,0.3172666,0.2467597,-0.1682181,0.129659,0.5350947,0.2382987,0.3924177,0.03462285,0.1955385,0.006156249,0.2247162,0.1801234,0.07729503,0.1628211,0.1249737,0.3757677,0.008011261,0.1871236,0.1734192,0.3248021
"65","X65_o_.bam.txt","Group4","treatment","cancer",-0.4230601087,0.184986893,0.2393485613,0.2468667149,0.2067880408,0.3043277643,-0.4498609367,0.3009491104,-0.240253739,0.288996049,0.3363900085,0.2334998863,-0.4659873385,-0.6271687212,-0.5081236391,0.3214270661,-0.483999789,0.1308827352,-0.5395518163,0.2300743424,0.3359788796,0.253817265,-0.5821006366,-0.3690960047,0.3408622738,0.380898349,-0.4458087796,0.2274369858,0.3567746235,0.4409081038,0.441265115,0.2574425448,0.308155617,0.2196927667,0.3121214422,-0.3586709028,-0.3111769221,0.2976102754,0.1625159897,0.2424276715,0.3366463992,0.3362595917,-0.3976223803,0.5947630369,0.2778167506,0.632159454,0.3514181812,0.5358521462,0.5053909403,0.4190750323,-0.0844761074,-0.1624882805,0.2199939134,-0.397793426,-0.2788681863,-0.045019455,0.0444841043,-0.0032482225,-0.1166159029,-0.0359165558,-0.0557027521,-0.379120112,0.0237436707,-0.018931178,0.1578394307,-0.2295193222,-0.2103013951,-0.102926857,-0.0383424832,-0.2630782153,0.2006282283,0.046943995,-0.131990595,-0.3014007818,-0.3060667816,-0.1665837743,-0.5051083461,-0.1724154287,0.3105501863,-0.021567063,-0.3944152223,0.529832347,0.1228961011,0.0629637998,-0.1787735588,0.0363786689,0.0199912489,0.0055430797,0.1119165514,0.0296566133,0.4066935555,-0.1457378338,0.0122803565,0.2944966861,-0.0105470418,-0.0406880582,-0.0478540162,0.1258484084,-0.0894256307,0.4252480143
"66","X66_o_.bam.txt","Group4","treatment","cancer",-0.437825,0.1947501,0.2088126,0.1716509,0.1469942,0.2646288,-0.4940991,0.2847869,-0.2101044,0.2179943,0.2796294,0.228776,-0.4650992,-0.6041703,-0.5642319,0.3092013,-0.4649515,0.1384538,-0.5655844,0.2309174,0.05425962,0.1363843,-0.5955095,-0.3838712,0.3092451,0.359736,-0.4706072,0.242475,0.3433339,0.3646732,0.3445709,0.1561702,0.3398577,0.1839461,0.2962306,-0.3744927,-0.3078732,0.2623539,0.2033433,0.2484935,0.3987489,0.3132339,-0.5048485,0.5932214,0.1559976,0.5073502,0.1931781,0.3780405,0.3079742,0.2453631,-0.3528053,-0.08910924,-0.2064337,-0.3490956,-0.3010867,-0.133809,-0.5681991,-0.1213199,-0.09334195,-0.05406773,-0.134913,-0.09993802,0.004804632,0.002765572,-0.02996949,-0.04638321,-0.2325888,-0.313692,-0.1076342,-0.1778587,0.00461365,0.001120507,-0.1382999,-0.2102843,-0.2106155,-0.04459041,-0.3328569,0.4016534,0.4393671,0.0739095,-0.5794515,0.291023,-0.04745973,-0.3709988,-0.1323607,-0.008102522,-0.2731589,-0.1024655,0.02339329,-0.2199866,0.4857705,-0.2729747,-0.1026864,0.2648767,0.01313757,-0.2554236,0.2585746,0.109465,-0.02268665,0.3165565
"67","X67_o_.bam.txt","Group4","treatment","cancer",-0.5085643,0.2914222,0.279555,0.3651998,0.3876348,0.3939949,-0.5569464,0.4585581,-0.3787921,0.4808194,0.4218588,0.3593825,-0.6354043,-0.6769267,-0.6425088,0.4511628,-0.5942889,0.3270004,-0.6067559,0.3157835,0.3343593,0.3222264,-0.5573374,-0.4825336,0.4727328,0.2202339,-0.2444328,0.2118409,0.1893811,0.2771136,0.4510876,0.1677048,0.2553052,0.1886363,0.1361285,-0.1968624,-0.3219252,0.006326347,0.1022951,0.3165244,0.06066227,0.261016,-0.0467114,0.1826713,0.1939658,0.3834899,0.113448,0.09562264,0.006317156,0.05731011,0.2657027,0.05098335,0.3475422,0.06701667,-0.05610775,0.1329519,0.1544379,-0.003336961,0.07145596,0.007944332,0.07845728,0.2962944,0.173958,0.111056,0.1521883,-0.005730456,-0.04287037,-0.06371495,0.03955288,0.09268583,-0.08254712,0.07949427,0.1121225,0.001025486,0.3380597,0.01287636,-0.2757105,0.3014923,0.2530532,-0.4697166,-0.08707006,-0.1720112,0.1409543,0.2066408,-0.2027097,0.5205252,0.1031829,0.07107015,-0.1262591,0.3039358,0.4983888,0.01262555,-0.09257835,0.1658001,0.04575578,0.2709662,0.0535224,0.0659926,0.08449802,0.1597894
"68","X68_o_.bam.txt","Group4","treatment","cancer",-0.3974831805,0.2436228898,0.2385996025,0.3578108104,0.3029347096,0.3474783012,-0.433578253,0.3124535373,-0.3325512964,0.4299300577,0.3904700908,0.3420562465,-0.5526110031,-0.5252144082,-0.5962622592,0.4557005826,-0.5311440441,0.3306791559,-0.5435666155,0.1920459246,0.3464288381,0.2884513707,-0.4591933534,-0.3763555879,0.3886459059,0.2289923494,-0.1697753187,0.2045536339,0.0711190494,0.2182495121,0.3580043481,0.2232987494,0.1030601563,0.163027957,0.3657639973,-0.0593155278,-0.2907256301,0.0894777071,0.0464662736,0.3105791775,0.2659258166,0.1671320775,-0.0208600154,0.1943439571,0.2698823334,0.3772792129,0.1016396294,0.3520980092,0.3365514657,-0.0076807106,0.4818479816,0.2361973053,0.4357258105,0.2580490847,0.1056394502,0.1894677902,0.6237831727,0.18003416,0.1009478596,-0.0179337308,0.1926288969,0.3144112036,0.2420897082,0.1326742305,0.3169842685,0.163431182,0.0430938566,0.0683672598,0.0542601173,0.420902175,0.0573845742,0.092382721,-0.0172085398,0.3047671173,0.6551924368,0.2197837627,0.0625902959,0.2915340052,0.2551907167,0.1612933062,0.0344695943,0.2258294773,0.6757522606,0.3707095887,-0.0982693881,0.523497207,0.0373581262,0.1619575313,-0.1852775234,0.3050314653,0.6429823076,-0.0134085633,0.089374579,0.2053289728,0.0919887566,0.4067570209,0.1471798161,0.1014138099,0.2664193201,0.1378282946
"69","X69_o_.bam.txt","Group4","treatment","cancer",-0.4745001622,0.2635495736,0.2466628647,0.3682820561,0.2701819897,0.3553612,-0.5844910197,0.4663363376,-0.3359237693,0.2921969809,0.3766380339,0.2960136852,-0.6073564517,-0.5681029085,-0.5942562019,0.3097763619,-0.5420317758,0.270296639,-0.5943134458,0.2980652456,0.3099916713,0.248450438,-0.4505013648,-0.4895046772,0.3423152018,-0.1216565971,0.1146310559,-0.1998144563,-0.3035894769,-0.1916578831,0.0229867655,-0.0530796121,-0.2955539613,-0.1718617753,-0.0850777818,0.1319414599,0.2954391798,-0.3930985498,-0.1260534542,-0.1918001803,-0.0012229473,-0.20142284,0.2769348824,-0.3714910317,-0.2437779307,-0.0913857585,-0.1742845494,-0.0225553965,-0.3709977252,-0.2467860705,-0.1640822199,-0.1386975513,0.041432352,-0.3014444487,-0.1671553543,-0.0322531487,-0.0239887501,0.0424930346,-0.2048172415,-0.0045790562,-0.0990946179,-0.0752680213,-0.0060646449,-0.1868907861,0.0189279957,0.0968996033,-0.0959222323,-0.2536490667,-0.0814822466,0.1222716408,0.0079314911,-0.2372868315,-0.2707813291,-0.1733362265,0.0304408967,-0.0221256601,-0.1146031987,0.2183379764,0.0217752548,-0.0790505318,0.1312760567,-0.115686829,0.350640248,-0.1524652548,-0.0991628096,0.3653577725,0.0368768696,0.0891077656,0.1768857222,-0.0621903391,0.2390542802,-0.0731836061,0.1421637772,0.1846426838,0.0630205885,-0.2253474012,0.0349005572,0.0005454785,-0.1486700047,0.2904851587
"70","X70_o_.bam.txt","Group4","treatment","cancer",0.4406518,-0.2455718,-0.1797368,-0.2697971,-0.3714568,-0.3162005,0.438771,-0.3971551,0.354607,-0.4292553,-0.3370297,-0.2549084,0.3899563,0.6264162,0.3568227,-0.3397092,0.4536909,-0.2462639,0.4862995,-0.2620647,-0.4363784,-0.2364157,0.5314244,0.2895335,-0.4546729,-0.2560669,0.175073,-0.01572107,-0.2569459,0.01571772,-0.2816228,-0.2059004,-0.4080688,-0.139516,-0.4368891,0.1163457,0.3576382,-0.2658634,-0.125713,-0.1574331,-0.1689051,-0.3943829,0.03471783,-0.41116,-0.2720657,-0.3948819,-0.2348903,-0.5761323,-0.3298136,-0.0790771,0.2513641,0.02198911,0.4345138,0.1763682,0.1759294,0.1047443,0.4439531,0.1478523,0.03147808,0.1099952,-0.005442181,0.3095327,0.1039527,0.01271537,0.1055692,0.293834,0.105891,0.2515797,0.007389335,0.3285425,0.3040325,0.03350874,0.1156296,-0.001361659,0.5231279,-0.139376,-0.01130904,0.02688437,0.06099226,0.03187123,-0.2258925,0.122713,0.7629207,0.1898465,-0.1848053,0.2999595,0.02739298,-0.146361,0.1698516,-0.02951335,-0.1113859,-0.152514,0.1803164,-0.1962465,-0.03460255,-0.3808809,0.00871577,-0.0461556,-0.06847511,-0.04736466
"71","X71_o_.bam.txt","Group4","treatment","cancer",0.1335025,-0.004354302,-0.04736022,0.1138542,-0.0248993,-0.1015462,-0.135615,-0.004600523,0.1309321,-0.1061637,-0.08963876,0.04930348,-0.1413364,0.258435,-0.05132971,0.2450723,0.06085641,-0.01259568,0.1001736,-0.05531254,0.05912772,0.005305766,0.3245291,0.05954504,0.2236018,-0.2900522,0.3096495,-0.3945016,-0.3421796,-0.1969715,-0.3653634,-0.1647,-0.5631662,-0.1744197,-0.4653047,0.3544231,0.4790409,-0.4204935,-0.3275098,-0.261801,-0.3303747,-0.4475146,0.432663,-0.5282967,-0.3400349,-0.3525038,-0.4112269,-0.5225317,-0.5353649,-0.3181986,0.3022217,-0.01865665,-0.1544893,0.3323827,0.1190655,0.1627175,0.3925896,0.06136879,-0.03192436,0.0103589,-0.04104529,0.3803493,0.008352442,-0.09423638,0.1175628,0.3517316,0.05432964,-0.1818331,-0.05268152,0.3609492,-0.1547668,-0.2602581,0.01810879,0.0623599,-0.2382422,0.2094062,-0.3354736,0.3774748,0.2639684,0.1338492,0.4035178,0.07629156,0.7383449,0.215215,0.370178,0.9115256,0.15722,0.1375898,0.1736815,0.1287466,0.4112486,0.2658725,0.2203904,0.1783198,0.06441631,0.1277634,-0.1951115,0.07384866,0.1883716,0.01028363
"72","X72_o_.bam.txt","Group4","treatment","cancer",-0.3998192,0.2962294,0.1737763,0.3824414,0.3459742,0.3594552,-0.5343741,0.3935354,-0.29688,0.4523026,0.3757687,0.3612634,-0.5812093,-0.5318674,-0.5864419,0.4005519,-0.5109406,0.2969236,-0.524387,0.3016277,0.4449651,0.284982,-0.4675302,-0.4740424,0.4719086,-0.04653692,0.1222632,-0.08889427,-0.1670023,0.05225391,0.1061283,-0.009284656,-0.4796802,-0.05089523,0.02465735,0.1834188,0.3039918,0.002489315,-0.183515,-0.07679584,-0.002478583,0.1538405,0.2939891,-0.5714272,-0.09404483,0.1146244,-0.1126017,-0.0145751,-0.1566602,-0.1901119,0.07962184,-0.07181042,-0.2278641,0.1666357,-0.06144116,0.0246498,-0.2306229,-0.005353552,-0.02751143,-0.02961108,0.001997672,0.246907,0.01671892,0.03820947,0.0833677,0.1457564,-0.0649259,-0.09315271,-0.07922966,0.2291246,-0.002452312,-0.07994602,0.007810196,-0.08168851,-0.1752935,0.1365865,-0.0816688,0.2873906,0.09929294,0.2429738,-0.1294106,0.1378266,0.02282312,-0.2200529,0.1003725,0.7431254,0.1281177,0.1807895,0.2377742,-0.148871,0.4789118,-0.1379976,-0.004504936,0.2279001,0.07000119,0.3579742,-0.2903642,0.05560667,0.09001318,0.1397239
"73","X73_o_.bam.txt","Group4","treatment","cancer",-0.3432830964,0.1660474061,0.1806914454,0.3334396809,0.2917824159,0.3201009365,-0.4291895717,0.3371446141,-0.2985787726,0.306580525,0.3470375876,0.2693735963,-0.4450717261,-0.4650333665,-0.4327818157,0.3219408721,-0.383547618,0.2632368108,-0.3659589689,0.225730155,0.4230032521,0.2433438152,-0.316638763,-0.323049925,0.3879212781,-0.2730214795,0.2408215931,-0.1570658889,-0.27013788,-0.3705121371,-0.1477094494,-0.0117086013,-0.5634935845,-0.1106966758,-0.255801595,0.2774202184,0.326974311,-0.2434680559,-0.1807328226,-0.1402365259,-0.3087351466,-0.2190273756,0.2627161503,-0.5123275577,-0.1421732078,-0.0190675968,-0.1701340365,-0.2517921839,-0.1446929953,-0.1947277846,0.2640061125,-0.0156882649,-0.1199450026,0.3792313071,0.1019889832,0.1508407472,0.4236634923,0.1389077125,0.1666842326,0.0146422732,0.1096568379,0.4331447706,0.0887066935,0.031478336,0.184717058,0.1272958041,0.0806996775,0.0038224097,0.0257981417,0.0928758766,0.0392684194,-0.0070804744,0.1030552257,0.1031166603,-0.2471668459,0.3009309101,-0.1216829057,0.5700853137,0.2784987986,0.0384869518,0.1959440294,0.0019594425,0.1753907219,0.0793018489,0.3704453576,0.8592400116,-0.0632811965,0.1340114339,0.2298666303,0.3627986308,-0.0099063046,0.4066060242,0.1057323853,0.0767067727,0.065937729,0.5554988931,0.1168627031,0.0406602072,0.2040912757,-0.0037084649
"74","X74_o_.bam.txt","Group4","treatment","cancer",0.313723,-0.1995123,-0.07075156,-0.2483115,-0.2355661,-0.2649252,0.262936,-0.3380049,0.2156806,-0.3474487,-0.2897161,-0.1513228,0.2428056,0.4982883,0.281786,-0.1296995,0.3356425,-0.214669,0.373935,-0.2494584,-0.1767381,-0.1957722,0.4591998,0.2200408,-0.3526739,-0.389091,0.2486932,-0.3282178,-0.3427386,-0.2290963,-0.4028386,-0.2048706,-0.516038,-0.07984282,-0.3899952,0.2827481,0.2392062,-0.379813,-0.1580693,-0.2880693,-0.4514631,-0.4443952,0.2933482,-0.6653852,-0.3549377,-0.3747612,-0.351021,-0.4967096,-0.297859,-0.2443538,0.2259448,0.05645598,-0.08683427,0.4276634,0.1921005,0.1158817,0.4910536,0.1621312,0.1667089,0.03390743,-0.1269999,0.554733,0.2510412,-0.07458965,0.07521957,0.1887904,0.1161944,0.1211518,0.09005232,0.3866311,0.1444418,0.06651731,0.1943819,-0.04422903,0.07264066,0.101618,-0.1699302,0.4259584,0.4648448,0.1658618,0.2290658,0.1147738,0.7420434,0.3596722,-0.07282951,0.8996558,-0.06687517,-0.04512445,0.04675364,0.1794379,0.0142231,0.5580505,0.1880811,-0.003643454,-0.04964772,0.350941,-0.09175958,-0.01073782,0.01229742,-0.2466435
"75","X75_o_.bam.txt","Group4","treatment","cancer",-0.5053293,0.321299,0.2861957,0.4112566,0.4136894,0.3526045,-0.5982228,0.5076323,-0.3865817,0.5059529,0.360269,0.3252588,-0.6244199,-0.6532347,-0.6777988,0.3866941,-0.5960765,0.2791822,-0.6490361,0.3509064,0.4327028,0.2855265,-0.5399749,-0.5043177,0.497284,0.1328179,0.01303087,0.1020471,0.2089073,0.05740729,0.1561044,0.07119561,0.05260695,0.03627537,0.2305696,0.04888157,0.1650144,-0.09663384,0.1297082,0.1526471,0.1343039,0.1187401,0.2111512,-0.1106032,0.05176541,0.1433592,-0.05766605,-0.09541366,-0.03987487,0.1139803,0.2592665,0.1078718,0.224804,0.02230115,-0.03113872,0.02661216,0.2900025,0.03470459,0.1106555,0.09556226,0.07368529,0.1857171,0.2149133,0.09866611,0.09714423,0.03810799,0.01547464,-0.07548693,0.0123734,0.4077779,0.2359803,0.1735226,0.09949223,-0.02460799,0.3623489,0.01371772,-0.1855077,0.4048471,0.1466964,-0.2240222,0.1777231,-0.2049116,0.4448667,0.02357127,-0.03851753,0.5595516,0.05145924,0.1306999,0.1142404,0.04013321,0.5131258,0.180162,-0.04837066,0.1786663,0.02006145,0.1003346,-0.004371846,0.1567888,-0.09665773,0.3189571
"76","X76_o_.bam.txt","Group4","treatment","cancer",-0.5029076,0.3213689,0.2882636,0.3732665,0.3965124,0.399969,-0.6006044,0.4583866,-0.3680015,0.4891196,0.4129944,0.388473,-0.647445,-0.6641827,-0.6878145,0.4584944,-0.6196082,0.3463155,-0.6578587,0.3648429,0.3703343,0.2968447,-0.5394669,-0.5263388,0.5212044,0.2168087,-0.08961639,0.1421976,0.1836065,0.1238447,0.3061575,0.1492105,-0.007634769,0.1413347,0.350542,-0.0172403,-0.07557135,0.007605254,0.1820172,0.1484097,0.3177314,0.1803298,0.1079769,0.006781658,0.196982,0.2359908,0.04354261,0.06525501,0.1458701,-0.06961721,0.3687514,0.133004,0.5336019,0.1031436,-0.04345541,0.04944816,0.4240355,0.02536179,0.1248327,0.09804167,0.1219249,0.4229291,0.286556,0.1035208,0.1284227,0.1448937,-0.01076863,0.09718395,0.0274626,0.2451233,0.3563218,0.241636,0.2166233,-0.01768031,0.5360093,0.05057821,-0.2538231,0.3613272,0.06674119,-0.2071261,0.1192786,-0.1428319,0.3835881,-0.06340862,-0.2681156,0.4632615,0.1537455,0.1275206,0.08130418,-0.0296666,0.5590724,-0.1058583,-0.08800523,0.1694059,0.02208198,0.1933923,0.1610925,0.229967,-0.1077445,0.3349183
"77","X77_o_.bam.txt","Group4","treatment","cancer",-0.480699,0.2882795,0.2323097,0.4345999,0.4210825,0.414693,-0.530872,0.4968392,-0.4192771,0.53568,0.4536943,0.3316484,-0.5620692,-0.6424336,-0.6238355,0.3741487,-0.5617193,0.3252478,-0.5656997,0.317583,0.3979491,0.325836,-0.5421523,-0.343512,0.5241406,0.2800091,-0.1246716,-0.06011788,0.1805044,0.2347056,0.171001,0.1268919,0.04657726,0.03992643,0.4663163,-0.05399038,-0.007371152,0.2314933,0.1713791,0.1795556,0.1569739,0.2004283,0.02783679,0.5920918,0.1509446,-0.07171241,0.02073211,0.1382209,0.1152571,0.006660037,0.2982134,0.044657,0.5617145,0.2869599,-0.05444626,0.1546638,0.3218734,0.03769544,0.04886787,0.03120527,0.1926648,0.2168082,0.1010145,-0.05465765,0.1234519,-0.07963746,-0.03740834,-0.07465318,0.008428262,0.3428549,0.2685784,0.07680979,0.1846902,0.2905131,0.5403092,-0.120325,0.3010669,0.3021102,-0.06040635,-0.003709317,-0.1790826,-0.1359176,-0.1435863,0.1085374,0.06443391,0.4371228,0.02143189,0.01972593,-0.0645621,0.1111595,0.4247947,0.0921914,-0.2008836,0.1228759,-0.06122642,0.532178,-0.04726659,0.1509328,-0.06022217,-0.1075227
"78","X78_o_.bam.txt","Group4","treatment","cancer",-0.4971559083,0.3009287609,0.2372505616,0.4079785018,0.4004953092,0.3840954011,-0.5192471592,0.4489474018,-0.3614405769,0.5310067786,0.4217951232,0.3150415662,-0.5818374804,-0.6234565811,-0.6478830428,0.3730672588,-0.5636941046,0.2980531925,-0.6301694224,0.3047771575,0.398330674,0.303196459,-0.5502968355,-0.3720102852,0.5375749886,0.2061959041,-0.1368540265,0.0120133404,0.250473233,0.1564600983,0.2965111509,0.1899162431,-0.0624171425,0.0628619332,0.5051248747,-0.1294679973,-0.1821155738,0.2013970321,0.2148882543,0.2968746215,0.2367823066,0.2551777276,-0.0102331122,0.4579064422,0.2107737673,0.1132792603,0.0015262111,0.2300550825,0.1989592145,0.0052225911,0.3434846372,0.1293758943,0.4425210535,0.219775304,-0.0226792164,0.1749416755,0.3404036464,0.0056053551,0.0352803971,0.0444394073,0.2536260304,0.0426948816,0.126132481,0.0626805699,0.1454740744,0.0199145832,-0.0415717344,0.000496421,0.0254369582,0.3357939775,0.3705514732,0.1219258965,0.2493722614,0.2712388813,0.5236275946,-0.1323727634,0.0390885973,0.3417306299,-0.004634555,0.0399914762,-0.2313915113,-0.1940426458,-0.1077534167,0.0683657757,-0.0912442702,0.4387763539,-0.04850681,0.0682006015,-0.018380703,0.1134441424,0.4852839673,-0.0766068624,-0.1482871499,0.0869405132,0.0018099068,0.5890951821,-0.0222750724,0.1662606239,-0.1163927803,-0.1039950273
"79","X79_o_.bam.txt","Group4","treatment","cancer",-0.4280768,0.194182,0.1581152,0.3371409,0.3025427,0.2388067,-0.5660662,0.3885614,-0.3190735,0.3552845,0.2596332,0.2108093,-0.4853654,-0.5385217,-0.5706891,0.3370398,-0.4658786,0.2490759,-0.5295897,0.2916294,0.2750395,0.2100024,-0.427371,-0.2266179,0.4956883,-0.2839969,0.1026501,-0.3395147,-0.2951237,-0.3827405,-0.2158366,-0.2468938,-0.1907847,-0.1915637,-0.2692498,0.1066599,0.1645894,-0.3703448,-0.2475324,-0.2150844,-0.3495292,-0.4241264,0.2226166,0.2165441,-0.2549017,-0.344282,-0.1628197,-0.3877838,-0.1096308,-0.1534401,-0.1636905,-0.1177169,0.1506874,0.03315317,-0.1171742,0.08083907,0.4610752,-0.009011868,-0.1176736,-0.0889995,-0.09501659,-0.3295673,0.004365566,-0.1846193,-0.0295348,0.09696799,-0.08064413,-0.2939034,-0.1279154,0.1457317,-0.09628733,-0.2631299,-0.1170273,0.08155781,0.2172519,-0.00199533,0.03234704,-0.1696282,-0.3942938,-0.09417116,0.1645387,0.0365342,0.6404535,-0.1734221,0.1301084,0.3707271,0.1021043,0.03314852,0.002681664,-0.09013261,0.3570375,0.1882782,-0.1782783,-0.01676779,0.04199732,0.1726426,-0.07096025,0.07659276,-0.07005061,0.07332189
"80","X80_o_.bam.txt","Group4","treatment","cancer",-0.4166795,0.2437233,0.1606727,0.3460216,0.3296164,0.2981572,-0.5585384,0.3938841,-0.3184276,0.4422125,0.3254814,0.2309783,-0.5515368,-0.5166765,-0.6461373,0.3694554,-0.5534637,0.2631956,-0.6119028,0.3043557,0.272932,0.2254653,-0.5075771,-0.3763193,0.4306259,-0.1275543,0.02829941,-0.2565185,-0.1762623,-0.3358618,-0.01976197,-0.1453887,0.01117576,-0.1093054,0.2075031,0.07669773,0.0981257,-0.4354724,-0.09925051,-0.1930142,-0.1051438,-0.4010074,0.1640016,0.2042144,-0.2292846,-0.3204634,-0.08782254,-0.1110968,-0.2019637,-0.2127999,-0.1006853,-0.1389117,0.2842745,-0.08781564,-0.1290298,0.1520897,0.5189967,-0.01056938,-0.09694537,-0.1058866,-0.09622023,0.03984601,0.02299437,-0.1200103,-0.06071368,0.02509612,-0.113185,-0.304282,-0.1010603,0.3790004,0.04550105,-0.1910151,-0.02280831,0.1384804,0.1787741,-0.07058787,-0.08261881,0.1213845,-0.284916,-0.2429539,0.1325375,0.1427308,0.502971,0.09067403,0.1689045,0.4157253,0.1194697,0.0259165,0.03929687,-0.1116094,0.2593817,0.09341256,-0.1160428,0.09527121,0.012512,0.2387585,-0.01420003,0.06304015,-0.02368837,0.166256
